,awardeeName,count_total
0,"123 SEE, INC.",1
1,18F GSA,1
2,"2KR SYSTEMS, LLC",2
3,"37DEGREES, INC.",1
4,"4-D AVIONIC SYSTEMS, LLC",1
5,"ACADEMIC WEB PAGES, INC.",1
6,"ACTIVATE GLOBAL, INC.",1
7,ADAPTIVE WAVES INC.,2
8,ADAVANCE NANOLYTICS INC,1
9,ADVANCED CARPET RECYCLING LLC,1
10,"AERHART, LLC",2
11,"AERIS WATER TECHNOLOGIES, LLC",1
12,"AEROSHIELD MATERIALS, INC.",2
13,AI POW LLC,1
14,AI-NEOTECH LLC,1
15,"AIDAR HEALTH, INC",1
16,AIKIDO TECHNOLOGIES INC,1
17,"AIR COMPANY HOLDINGS, INC.",1
18,"AKORN TECHNOLOGY, INC.",1
19,"AKTTYVA THERAPEUTICS, INC.",2
20,ALAMO COMMUNITY COLLEGE DISTRICT - St. Philip's College,1
21,ALASKA CONSERVATION FOUNDATION,2
22,"ALERJE, INC.",1
23,"ALVA HEALTH, INC.",2
24,"AMBOTS, INC.",1
25,AMHYTECH LLC,1
26,"AMPHIX BIO, INC.",1
27,"ANEURISK, INC.",1
28,"ANOVA BIOMEDICAL, INC.",1
29,ANTELOPE VALLEY UNION HIGH SCHOOL DISTRICT,2
30,ANVIL DIAGNOSTICS INC.,1
31,"APOGEE SEMICONDUCTOR, INC.",1
32,APPLIED SCIENCE & TECHNOLOGY ORGANIZATION OF AMERICA CORP,1
33,"AQUAGGA, INC.",1
34,"AQUAVEO, LLC",1
35,ARCLET LLC,1
36,ARED LLC,2
37,ARTEMIS INTELLIGENCE LLC,1
38,ARTIMUS ROBOTICS INC,1
39,ASANTE BIO LLC,1
40,"ASPERO MEDICAL, INC.",1
41,"ASTROLABE ANALYTICS, INC.",1
42,ATHEM L.L.C.,2
43,ATLAS AI P.B.C.,1
44,"ATMOSPHERIC & SPACE TECHNOLOGY RESEARCH ASSOCIATES, L.L.C.",4
45,ATOM BIOWORKS INC,1
46,ATRILITY MEDICAL LLC,1
47,"AUDIOT, INC.",2
48,"AUGUSTA UNIVERSITY RESEARCH INSTITUTE, INC.",13
49,AUXILIUM HEALTH INC,2
50,"AVANPORE, LLC",1
51,"AVICENATECH, CORP.",1
52,Aaniiih Nakoda College,6
53,"Abdelrahman, Mustafa Kamal",2
54,"Abrishami, Tara",1
55,Academy of Natural Sciences Philadelphia,7
56,"Accelerate Wind, Inc.",2
57,Adams State University,3
58,Adelphi University,5
59,"Adhikari, Arka",1
60,Adler Planetarium,1
61,"Advanced Cooling Technologies, Inc.",1
62,Aerodyne Research Inc,2
63,Aerospace Corporation,6
64,Afsartech Inc.,2
65,Agnes Scott College,5
66,"Agrawal, Devanshu",1
67,"AgroSpheres, Inc.",2
68,"Agwamba, Kennedy",2
69,Air Force Institute of Tech,4
70,"Ajala, Rasheed",1
71,"Akanocure Pharmaceuticals, Inc.",2
72,"Akopyan, Maria",2
73,"Alaasam, Valentina",1
74,Alabama A&M University,30
75,Alabama State University,15
76,Alamo Community College District Northeast Lakeview College,2
77,Alaska Native Tribal Health Consortium,1
78,Alaska Pacific University,3
79,Albany College of Pharmacy,2
80,Albany State University,10
81,Albert Einstein College of Medicine,2
82,Albion College,1
83,"Albright, John A",1
84,"Alchemie Solutions, Inc.",1
85,Alcorn State University,1
86,Alfred University,5
87,Algebra Project Inc,1
88,Allan Hancock College,1
89,Allegheny College,1
90,Allen Institute,2
91,"Allen, Matthew L",1
92,"Allen, Raymond Lance",1
93,Alma College,1
94,"Alvear, Oscar Enrique",1
95,Alvernia University,2
96,"Alweiss, Ryan",1
97,Amarillo College,1
98,American Association for the Advancement of Science,11
99,American Association of Community Colleges,3
100,American Association of Physics Teachers,4
101,American Astronomical Society,1
102,American Bar Foundation,4
103,American Chemical Society (ACS),1
104,American Educational Research Association,2
105,American Geological Institute,2
106,American Geophysical Union,2
107,American Indian Higher Education Consortium,4
108,American Indian Science and Engineering Society (AISES),5
109,American Institute of Chemical Engineers,7
110,American Institute of Mathematics,3
111,American Institutes for Research in the Behavioral Sciences,16
112,American Mathematical Association of Two-Year College,1
113,American Mathematical Society,3
114,American Meteorological Society,4
115,American Modeling Teachers Association,2
116,American Museum Natural History,35
117,American Physical Society,8
118,American Political Science Association,1
119,American Society For Cell Biology,2
120,American Society For Engineering Education,11
121,American Society of Plant Biologists,4
122,American Sociological Assoc,1
123,American Statistical Association,1
124,American University,21
125,American University of Beirut,2
126,Amherst College,18
127,"Amplified Sciences, LLC",1
128,Anderson University,1
129,"Anderson, Amy Susan",1
130,Andluca Technologies Inc.,1
131,Andrews University,3
132,Angelo State University,3
133,Anne Arundel Community College,2
134,Antelope Valley College,1
135,"Antonson, Nicholas Dolan",1
136,"Apigo, Austen",1
137,Appalachian College Association,1
138,Appalachian State University,21
139,Applied Computer Security Associates,1
140,Arapahoe Community College,2
141,Arcadia University,1
142,Archaeology Southwest,2
143,"Archbold Expeditions, Inc.",1
144,Arctic Research Consortium of the U.S.,1
145,Arieca Inc.,1
146,Arizona State University,462
147,Arkansas Childrens Hospital Research Institute,1
148,Arkansas Science & Technology Authority,2
149,Arkansas State University Main Campus,4
150,Arkansas Tech University,1
151,"Arrowsmith, Kathleen Caroline",1
152,Ascribe Bioscience Inc.,1
153,"Ashley, Caleb J",1
154,Aspen Center For Physics,1
155,Aspen Global Change Institute,2
156,"Associated Universities, Inc.",16
157,Association For Symbolic Logic,1
158,"Association for Women in Mathematics, Inc.",1
159,Association of American Colleges and Universities,4
160,Association of American Geographers,1
161,Association of Children's Museums,2
162,Association of Public and Land-Grant Universities,4
163,Association of Science-Technology Centers,1
164,"Association of Universities for Research in Astronomy, Inc.",12
165,Atlanta Botanical Garden,3
166,Atlantic Cape Community College,1
167,Atmospheric and Environmental Research Inc,1
168,Auburn University,138
169,Auburn University at Montgomery,6
170,Augsburg University,8
171,Augustana College,3
172,Augustana University Association,4
173,"Augustine, Jonah",1
174,Aurora University,1
175,Austin Community College,5
176,Austin Peay State University,5
177,"Avery, Montie S",2
178,Avila University,1
179,"Avisi Technologies, Inc",2
180,Azusa Pacific University,1
181,BALLYDEL TECHNOLOGIES INC.,1
182,"BASS AGRITECH, INC",1
183,BAY AREA BIOSCIENCE EDUCATION COMMUNITY,1
184,"BEAMLINK, INC.",1
185,BEEKEEPING 101 LLC,2
186,BENJAMIN FRANKLIN CUMMINGS INSTITUTE OF TECHNOLOGY,4
187,BERKM INC,1
188,"BEYOND SILICON, INC.",2
189,BEYOND THE DOME INC,2
190,"BIOCHIP LABS, INC.",1
191,BIOCOGNON LLC,1
192,BIODESIGN CHALLENGE INC,1
193,BIODIVERSITY OUTREACH NETWORK,1
194,BIODYNAMIK,1
195,BIOINDUSTRIAL MANUFACTURING AND DESIGN ECOSYSTEM,2
196,"BIOLATTICE, LLC",1
197,"BIOMESENSE, INC.",1
198,"BIRCH BIOSCIENCES, LLC",1
199,BIRED IMAGING INC,1
200,BLACKHAWK TECHNICAL COLLEGE DISTRICT,1
201,BLUESTEM BIOSCIENCES INC,1
202,BOARD OF TRUSTEES OF COMMUNITY COLLEGE DISTRICT #508,2
203,"BRAINSTORM THERAPEUTICS, INC.",1
204,BRIDGEVALLEY COMMUNITY & TECHNICAL COLLEGE,2
205,BRIDGEWATER STATE UNIVERSITY,5
206,"BRIGHTLIGHT PHOTONICS, INC",2
207,BSCS Science Learning,2
208,"Bailey, Virginia",1
209,Bakersfield College,1
210,Baldwin Wallace University,2
211,Ball State University,8
212,Bank Street College of Education,2
213,Bard College,3
214,Barnard College,30
215,"Barnes, Julia Gabrielle",1
216,Bates College,5
217,Baton Rouge Community College,2
218,Battelle Memorial Institute,8
219,BattelleEd.org,1
220,Bay Area Environmental Research Institute,3
221,Baylor College of Medicine,9
222,Baylor University,58
223,"Beckey, Jacob Lucas",1
224,Beckman Research Institute City of Hope,1
225,Bellarmine University,1
226,Bellevue College,3
227,Bemidji State University,4
228,Benedict College,4
229,Benedictine University,2
230,Bennington College,1
231,Bentley University,1
232,Berea College,3
233,Berkeley Geochronology Center,6
234,"Bernal, Jacob J",1
235,Bernice P Bishop Museum,3
236,"Bernstein, Justin Matthew",2
237,Berry College,4
238,Beth Israel Deaconess Medical Center,3
239,"Bethea, Candace",1
240,Bethel University,1
241,Bethune-Cookman University,4
242,Bigelow Laboratory for Ocean Sciences,12
243,"BioQUEST Curriculum Consortium, Inc",1
244,"Birch, Sydney",2
245,Black Hills State University,5
246,Bloomfield College,1
247,"Blum, Mirella L",1
248,"Blunt, Sarah",2
249,"Board of Regents, NSHE, obo University of Nevada, Reno",126
250,Board of Trustees of Illinois State University,23
251,"Bodish, Elijah S",1
252,Boise State University,91
253,"Bolin, Lana Gayle",1
254,"Boninger, Joseph",1
255,"Borbee, Erin M",2
256,"Bornbusch, Sarah Lyons",1
257,Boston College,63
258,Botanical Research Institute of Texas,6
259,Botanical Society of America,1
260,"Bou-Rabee, Ahmed",1
261,Bowdoin College,8
262,"Bowes, Shauna Marie",1
263,Bowie State University,19
264,Bowling Green State University,16
265,Boyce Thompson Institute Plant Research,14
266,Bradley University,4
267,"Bradley, Noah Patrick",1
268,Brandeis University,32
269,"Brauer, Daniel D",1
270,"Brauer, Kaley",1
271,"Brauner, Sarah",1
272,Bridgerland Applied Technology College,2
273,Brigham & Women's Hospital Inc,6
274,Brigham Young University,55
275,"Brittain, Rebecca Shae Anna",1
276,"Broad Institute, Inc.",1
277,Brookdale Community College,3
278,Brookings Institution,3
279,Broward College,4
280,Brown University,182
281,"Brown, Jennifer Marie",1
282,"Brown, Jordan",1
283,"Brown, Matthew C",1
284,"Bruno, Sarah Marie Michelle",1
285,Bryant University,1
286,Bryn Mawr College,9
287,Bucknell University,20
288,Bureau of the Census,1
289,"Burke, Colin Jacob",2
290,"Burkhardt, Paula Elisabeth",1
291,"Busch, Michael Peter",1
292,Butler University,3
293,"Butler, Kristina",1
294,"Butt, Karen",1
295,CAL POLY HUMBOLDT SPONSORED PROGRAMS FOUNDATION,20
296,CANISIUS UNIVERSITY OF BUFFALO NEW YORK,1
297,"CANOMIKS, INC.",1
298,CANOPII INC.,1
299,"CARAVEL BIO, INC.",1
300,CARBIDE RADIO INC,2
301,"CARTESIAN SYSTEMS, INC.",1
302,"CAST, Inc.",6
303,CATALYST COOPERATIVE,1
304,CE-RI-SS MATERIALS LLC,1
305,CELLCHORUS INC.,1
306,CELLUDOT LLC,1
307,CENSYN INC,1
308,"CENTER ON RURAL INNOVATION, INC",1
309,CHANGEAERIAL LLC,2
310,CHIBITRONICS INC.,1
311,CHITOVATE LLC,1
312,CHOSEN DIAGNOSTICS INC,1
313,CHUGACH REGIONAL RESOURCES COMMISSION,1
314,"CIRCLEIN, INC.",1
315,"CIRCULARITY FUELS, INC.",2
316,"CISTERNA BIOLOGICS, INC.",2
317,"CLARIA MEDICAL, INC.",2
318,CLUE GENETICS INC.,1
319,COBIO DIAGNOSTICS INC.,1
320,"COHERENT PHOTONICS, LIMITED LIABILITY COMPANY",1
321,COLLAMEDIX INC.,1
322,COLLEGE OF MUSCOGEE NATION,1
323,COMMONWEALTH UNIVERSITY OF PENNSYLVANIA,3
324,"COMMUNITY & TECHNICAL COLLEGES, WASHINGTION STATE BOARD FOR",1
325,COMON SOLUTIONS LLC,2
326,COMPACT MEDICAL SOLUTIONS LLC,1
327,COMPTON COLLEGE,2
328,"COMPUTER SCIENCE TEACHERS ASSOCIATION, LLC.",4
329,CONCHA INC.,2
330,"CONNECT DYNAMICS, INC.",1
331,"CONOVATE, INC.",1
332,CORD,1
333,"COSMIC EATS, INC.",2
334,CREATIVE BIOTHERAPEUTICS LLC,1
335,CROOKES RESEARCH LLC,1
336,"CROSSLINK COMPOSITES, INC.",1
337,"CRYPTYX BIOSCIENCE, INC.",1
338,CSU Fullerton Auxiliary Services Corporation,32
339,CSUB Auxiliary for Sponsored Programs Administration,7
340,CUNY Baruch College,11
341,CUNY Borough of Manhattan Community College,6
342,CUNY Bronx Community College,3
343,CUNY Brooklyn College,15
344,CUNY City College,58
345,CUNY College of Staten Island,14
346,CUNY Graduate School University Center,6
347,CUNY Hostos Community College,7
348,CUNY Hunter College,28
349,CUNY John Jay College of Criminal Justice,10
350,CUNY Medgar Evers College,2
351,CUNY New York City College of Technology,10
352,CUNY Queens College,28
353,CUNY Queensborough Community College,4
354,CUNY York College,2
355,"Cal Poly Pomona Foundation, Inc.",23
356,"Calabrese, Gina",1
357,"Calderon, Aaron",1
358,Caldwell University Inc,1
359,California Academy of Sciences,8
360,California Association for Research in Astronomy,4
361,California Baptist University,1
362,California Institute of Technology,141
363,California Lutheran University,1
364,California Maritime Academy,1
365,California Polytechnic State University Foundation,53
366,California State L A University Auxiliary Services Inc.,23
367,California State University Channel Islands,4
368,California State University San Marcos Corporation,17
369,"California State University, East Bay Foundation, Inc.",12
370,"California State University, Trustees",2
371,California State University-Dominguez Hills Foundation,19
372,California State University-Fresno Foundation,14
373,California State University-Long Beach Foundation,39
374,California State University-Sacramento,1
375,California State University-Stanislaus,1
376,Calvin University,3
377,"Camerad Technologies, LLC",2
378,Campbell University,4
379,Canada-France-Hawaii Telescope Corporation,1
380,Cankdeska Cikana Community College,2
381,"Cannizzo, Catherine Kendall Asaro",2
382,"Capano, John",1
383,"Capovilla-Searle, Orsola",1
384,Carleton College,30
385,"Carmichael, Theron W",2
386,"Carmo, Olivia Maria Silva",1
387,Carnegie Institute,1
388,Carnegie Institution of Washington,23
389,Carnegie-Mellon University,339
390,"Carrera, Sofia",1
391,"Carrick, Christian",1
392,Carroll College,2
393,Carthage College,4
394,"Cary Institute of Ecosystem Studies, Inc.",19
395,Case Western Reserve University,89
396,Catholic University of America,21
397,"Cecchini, Gabriel George",2
398,Cedars-Sinai Medical Center,1
399,"Cellini, Benjamin",1
400,Center for Open Science,3
401,Central Community College,1
402,Central Connecticut State University,3
403,Central Lakes College,1
404,Central Michigan University,20
405,Central New Mexico Community College,1
406,Central State University,16
407,Central Virginia Community College,1
408,Central Washington University,11
409,Central Wyoming College,1
410,Centre College of Kentucky,1
411,Chabot College,2
412,"Chaidez, Julian Cruz",1
413,Chaminade University of Honolulu,3
414,Champlain College Incorporated,1
415,"Chaney, Carlye",2
416,Changing Expectations Corp,1
417,Chapman University,14
418,"Chappell, Callie Rodgers",1
419,Charmtech Labs LLC,2
420,"Chase, Danielle Lee",2
421,Chatham College,5
422,Chemeketa Community College,1
423,"Chen, Nathan",1
424,"Chen, Sitan",1
425,Chesapeake College,1
426,Chicago Children's Museum,1
427,Chicago Horticultural Society,2
428,Chicago State University,13
429,Chicago Zoological Society,2
430,Chico State Enterprises,17
431,Chief Dull Knife Memorial College,1
432,Child Trends Inc,1
433,Children's Hospital Corporation,5
434,Children's Hospital Los Angeles,1
435,Children's Research Institute,2
436,Chippewa Valley Technical College,3
437,Christopher Newport University,12
438,"Ciesla, Jessica H",1
439,Citadel Military College of South Carolina,8
440,Citrus Community College District,1
441,City Colleges of Chicago Harold Washington College,2
442,City Colleges of Chicago Harry S Truman College,3
443,Claflin University,4
444,Clairways LLC,2
445,Claremont Graduate University,2
446,Claremont McKenna College,7
447,Clark Atlanta University,18
448,Clark University,17
449,"Clark, Meaghan I",1
450,Clarkson University,29
451,Clayton College and State University,2
452,Clemson University,148
453,Cleveland Clinic Foundation,1
454,Cleveland State Community College,1
455,Cleveland State University,21
456,Clover Park Technical College,1
457,Coastal Carolina University,6
458,Coastal and Estuarine Research Federation,1
459,Code for Science and Society Inc,1
460,CodeVA,5
461,Coe College,2
462,Coker College,1
463,Colby College,8
464,Cold Spring Harbor Laboratory,11
465,Colgate University,19
466,College of Alameda,1
467,College of Central Florida,2
468,College of Charleston,20
469,College of Lake County,2
470,College of Our Lady of the Elms,1
471,College of Saint Benedict,1
472,College of Saint Mary,1
473,College of Saint Scholastica,1
474,College of Southern Maryland,2
475,College of Southern Nevada,3
476,College of William & Mary Richard Bland College,2
477,College of William & Mary Virginia Institute of Marine Science,11
478,College of William and Mary,66
479,College of Wooster,5
480,College of the Canyons,4
481,College of the Holy Cross,6
482,College of the Menominee Nation,2
483,Collin County Community College,2
484,Colorado College,9
485,Colorado Mesa University,1
486,Colorado School of Mines,111
487,Colorado State University,227
488,Colorado State University-Pueblo,8
489,Columbia Basin College,1
490,Columbia State Community College,1
491,Columbia University,369
492,Columbus State Community College,5
493,Columbus State University,3
494,"Comerford, Mattheau S",1
495,Community College of Aurora,1
496,Community College of Philadelphia,3
497,Computational Physics Inc,3
498,Computing Research Association,9
499,Concord Consortium,16
500,Concord University,5
501,Concordia College at Moorhead,3
502,"Conley, Sarah A",1
503,Connecticut College,2
504,Consortium of Universities for the Advancement of Hydrologic Sci,3
505,Contra Costa Community College District,1
506,Cooper Union,1
507,Coppin State University,5
508,"Coreas, Roxana",1
509,Cornell University,383
510,Corning Community College,2
511,Corporation for Education Network Initiatives in California,1
512,"Corsa, Brianna Durelle",1
513,"Corsha, Inc.",2
514,"Cortes, Jorge Ivan",2
515,Cossatot Technical College,1
516,"Cotner, Sean",2
517,Council of Graduate Schools,7
518,Council of Independent Colleges,2
519,"Couper, Lisa",1
520,"Creedon, Ryan Patrick",1
521,Creighton University,8
522,"Crocker, Daniel",1
523,Crow Canyon Archaeological Center,1
524,Cuesta College,2
525,"Culha, Cansu",2
526,"Cunningham, William Streit",1
527,"Curran, Joseph B",1
528,Curry College,2
529,Cuyahoga Community College,1
530,D'Youville College,1
531,DARCY SOLUTIONS INC.,1
532,DASION CORPORATION,1
533,DATA ELEVATE LLC,1
534,DAYZERO WATER LLC,1
535,"DEBATER HUB, LLC",2
536,DEEPBITS TECHNOLOGY LLC,1
537,DEEPSEQAI LLC,1
538,"DEFINED BIOSCIENCE, INC.",1
539,DELAQUA PHARMACEUTICALS INC,1
540,"DELAWARE MUSEUM OF NATURE AND SCIENCE, INC.",1
541,DENCODA LLC,1
542,DIAMOND AGE TECHNOLOGY LLC,1
543,"DIFFRACT TECHNOLOGY, INC.",1
544,"DIGITAL BAZAAR, INC.",1
545,DINYA DNA LLC,1
546,DMAG USA LLC,1
547,DOANE UNIVERSITY,3
548,"DUET BIOSYSTEMS, INC",1
549,"DYNOCARDIA, INC.",1
550,"Dahlin, Kyle Joseph-Marley",1
551,Dakota College at Bottineau,1
552,Dakota State University,4
553,"Dalal, Rahul",2
554,Dallas College,1
555,Dana-Farber Cancer Institute,1
556,Dartmouth College,105
557,Data & Society Research Institute,2
558,Davenport University,1
559,David Lipscomb University,2
560,"David, Kyle T",1
561,Davidson College,11
562,"Davis, Julie",1
563,"De Furio, Matthew",1
564,DePaul University,12
565,"DeSimone, Joely",1
566,"DeTar, Rachael Ann",1
567,"Deem, Kevin D",1
568,"Defant, Colin",1
569,Del Mar College,1
570,Delaware State University,20
571,Delaware Valley University,1
572,Denison University,4
573,Denver Museum of Nature and Science,1
574,Department of Defense,1
575,Department of the Navy Naval Sea Systems Command,1
576,Des Moines Area Community College,2
577,"DesJardins, Nicole S",1
578,Desert Botanical Garden,3
579,"Devadas, Sheela",1
580,Development Gateway,1
581,"Dhillon, Gurbir S",1
582,Dickinson College,6
583,Digital Harbor Foundation,1
584,Digital Promise Global,10
585,Dillard University,4
586,Dine College,3
587,"Ding, David",2
588,"Dinkins, Hunter G",1
589,District of Columbia Public Schools,1
590,"Domat, George",1
591,Dominican University,4
592,Dona Ana Branch Community College,1
593,Donald Danforth Plant Science Center,27
594,"Dordt University, Incorporated",6
595,"Dowdell, Katherine",1
596,Drake University,4
597,Drexel University,92
598,"Drone Amplified, Inc.",1
599,"Duff, Timothy",1
600,Duke University,229
601,Duquesne University,5
602,Durham Technical Community College,1
603,EARTH IMAGES FOUNDATION,1
604,EARTHEN CARBON LLC,1
605,EARTHEN INC.,2
606,EARTHSCOPE CONSORTIUM INC.,9
607,EARTHSHOT Labs PBC,1
608,"EASCRA BIOTECH, INC.",1
609,EAST TEXAS A&M UNIVERSITY,9
610,"EASTIE FARM, INC.",2
611,ECATE LLC,1
612,ECHOICS,1
613,"ECLIPSE ENTEROGENESIS, INC.",2
614,EDNA INC.,2
615,"ELATEQ, INC.",2
616,ELITE NEURO INC,2
617,"ELLISON INSTITUTE, LLC",2
618,"EMERALD TUTU INC, THE",1
619,EMODE PHOTONIX LLC,2
620,"EMPALLO, INC.",1
621,"EMPIRI, INC.",1
622,"EMTRUTH, INC.",1
623,"EMVOLON, INC.",1
624,ENCOORD INC,1
625,ENCORE CO2 LLC,2
626,"ENVISION ENDOSCOPY, INC.",1
627,ENVISION HEALTH TECHNOLOGIES INC,1
628,ENVIVO BIO INC,2
629,"EPIDAURUS HEALTH, INC.",2
630,"EPIImaging, LLC",1
631,ETR Associates,1
632,"EUGIT THERAPEUTICS, INC.",1
633,"EVOLVE GENOMIX, INC.",1
634,EXOPOWER INC.,1
635,"EYEDEA MEDICAL, INC",1
636,"EYSZ, INC.",1
637,"Earl, Alexis D",2
638,Earlham College,1
639,"Earth Mapping International, Inc.",1
640,East Carolina University,30
641,East Central University,3
642,East Stroudsburg University of Pennsylvania,1
643,East Tennessee State University,1
644,Eastern Illinois University,1
645,Eastern Kentucky University,4
646,Eastern Mennonite University,2
647,Eastern Michigan University,5
648,Eastern New Mexico University Main Campus,3
649,Eastern Oregon University,1
650,Eastern Washington University,5
651,Eckerd College,4
652,EcoAdapt,1
653,Ecological Society of America,3
654,Edgecombe Community College,2
655,Edmonds Community College,1
656,Ednovo,1
657,Education Connection,8
658,Education Development Center,14
659,Educational Testing Service,4
660,Edward Waters College,1
661,"Edwards, Joseph",2
662,"Edwards, Julie",1
663,El Camino College,2
664,El Paso County Community College,1
665,Elizabeth City State University,8
666,Elizabethtown College,3
667,"Elliott Smith, Rosemary",1
668,"Ellison, Erika",1
669,Elmhurst University,3
670,Elon University,1
671,Emagine Solutions Technology,1
672,Embry-Riddle Aeronautical University,44
673,Emerson College,1
674,Emmanuel College,3
675,Emory University,83
676,"Endangered Language Fund, Inc.",3
677,Erie Community College,1
678,"Evans, Taylor C",2
679,Everett Community College,2
680,Evergreen State College,1
681,Evergreen Valley College,1
682,Exploratorium,3
683,FEATHER RIVER COMMUNITY COLLEGE DISTRICT,2
684,"FEMTOSENSELABS, LLC",1
685,"FIGURE 8, INC.",2
686,"FINIKS FORGE, INC.",2
687,FIRELINE SCIENCE LLC,2
688,"FLEX ORTHOPAEDICS, INC.",1
689,"FLO MATERIALS, INC.",1
690,"FLORIDA ASSOCIATION FOR NANOBIOTECHNOLOGY, INC",1
691,"FORAGR MEDICINES, INC",1
692,FORCHUN LLC,1
693,"FORSEE, LLC",1
694,FOURIER LLC,2
695,FPF Education and Innovation Foundation,2
696,FRED HUTCHINSON CANCER CENTER,1
697,"FREYYA, INC.",1
698,FRINGE METROLOGY LLC,1
699,FRONTLINE BIOTECHNOLOGIES INC.,2
700,"FROSTDEFENSE ENVIROTECH, INC.",1
701,"FUM TECHNOLOGIES, INC",1
702,FUTURE EARTH,3
703,"Fairbanks, Dawson E",1
704,Fairfield University,7
705,Fairleigh Dickinson University,4
706,Fairmont State University,1
707,Farallon Institute for Advanced Ecosystem Research,2
708,"Farleigh, Keaka",1
709,"Farrar, Victoria S",1
710,Fayetteville State University,16
711,Federation of Amer Societies For Exper Biology,1
712,Federation of American Scientists,1
713,"Felician University, A New Jersey Nonprofit Corporation",3
714,Ferris State University (Inc.),5
715,"Fetrow, Anne C",1
716,"Fettrow, Sean",1
717,Field Museum of Natural History,14
718,Fielding Graduate University,1
719,"Finocchiaro, Jessica J",2
720,Fisk University,12
721,"Fitch, Amelia A",1
722,Fitchburg State University,1
723,Florence-Darlington Technical College,1
724,Florida Agricultural and Mechanical University,53
725,Florida Atlantic University,43
726,Florida Gulf Coast University,9
727,Florida Institute of Technology,23
728,Florida International University,124
729,Florida Memorial University,3
730,Florida Polytechnic University,4
731,Florida Southern College,2
732,Florida State College at Jacksonville,8
733,Florida State University,167
734,Fond du Lac Tribal and Community College,1
735,Foothill-De Anza Community College District,1
736,Fordham University,15
737,"Forer, Joshua",1
738,Forsyth Technical Community College,3
739,Fort Hays State University,3
740,Fort Lewis College,11
741,Fort Valley State University,2
742,"Fortiphyte, Inc.",1
743,"Foundation for Applied Molecular Evolution, Inc.",1
744,"Fowler, Joshua Clark",1
745,"Fox, Maria",2
746,Framingham State University,1
747,Francis Marion University,2
748,Franklin County Historical Society,1
749,Franklin W. Olin College of Engineering,5
750,Franklin and Marshall College,14
751,"Franklin, Emily Barnes",1
752,"Frans, Veronica Felicia",1
753,"Fraser, Adrian E",1
754,"Frayer, Megan E",1
755,"Frechette, Claire E",1
756,Frederick Community College,3
757,Fresno City College,2
758,"Fridovich-Keil, Sara",1
759,Friends of the North Carolina State Museum of Natural Sciences,3
760,"Frisch, Joshua Robert",1
761,"Froehlich, Catheline Yasmin-Magali",2
762,Front Range Community College,2
763,"Frostig, Danielle",1
764,Fullerton College,2
765,Furman University,15
766,"Fuster Aguilera, Rosa Maria",1
767,GALLOX SEMICONDUCTORS INC.,1
768,GALVANIX INC.,1
769,GAVILAN JOINT COMMUNITY COLLEGE DISTRICT,1
770,GENALPHA NUCLEAR TECHNOLOGIES LLC,1
771,GENASSIST INC,1
772,GENCORES LLC,1
773,GENERATE LLC,1
774,GENEXGEN INC,1
775,"GEOFINANCIAL ANALYTICS, INC.",1
776,GFORCE ANIMATION INC,1
777,"GLOBAL ATMOSPHERIC TECHNOLOGIES AND SCIENCES, INC.",4
778,"GLOBAL COOLING TECHNOLOGY GROUP, LLC",1
779,GLOBAL ENERGY CORPORATION,1
780,GLOBAL FUND FOR WOMEN INC,1
781,GLOBAL PHILANTHROPY PARTNERSHIP,1
782,GMTO CORPORATION,2
783,GODWIT KEY COMPANY,1
784,GRAIN WEEVIL CORPORATION,1
785,GRAVEL CAPITAL LLC,1
786,"GREEN SUN MEDICAL, LLC",1
787,"GREENKEY, LLC",2
788,"GREENSIGHT AGRONOMICS, INC.",2
789,"Gaetz, Christian Richard",2
790,Gallaudet University,15
791,Galveston College,1
792,"Garcia, Fortino M",1
793,"Garcia, Joshua",1
794,"Gardner, Kristen Elise",1
795,"Gaynor, Michelle L",2
796,"Geller, Sarah R",1
797,George Mason University,173
798,George Washington University,123
799,Georgetown University,64
800,Georgia College,5
801,Georgia Gwinnett College,10
802,Georgia Piedmont Technical College,3
803,"Georgia Southern University Research and Service Foundation, Inc",21
804,"Georgia State University Research Foundation, Inc.",76
805,Georgia Tech Applied Research Corporation,2
806,Georgia Tech Research Corporation,455
807,"German, Austin A",1
808,Gettysburg College,5
809,Giant Screen Films,1
810,"Gilmer, Humberto Bruce",1
811,"Girouard-Hallam, Lauren Nicole",1
812,Gloucester Marine Genomics Institute,2
813,"Goeckeritz, Charity Z",1
814,Goeppert LLC,1
815,"Goldman, Katherine May",1
816,"Golec, Joseph E",1
817,"Gong, Yan",1
818,Gonzaga University,4
819,"Gorchov Negron, Alan",2
820,Gordon Research Conferences,40
821,Goshen College,1
822,"Gotti, Felix",1
823,Governors State University,2
824,Grambling State University,5
825,Grand Rapids Community College,1
826,Grand Valley State University,15
827,Grand View College,2
828,Greater Washington Educational Telecommunications Association,1
829,Green River Community College,3
830,Greenville Technical College,1
831,"Griffin, Chasen D",1
832,"Griffing, Aaron H",1
833,"Griffith, Emily J",2
834,"Grindstaff, Gillian R",1
835,Grinnell College,8
836,"Guerrera, Alexa G",1
837,Guilford College,2
838,Gulf of Maine Research Institute,5
839,Gustavus Adolphus College,2
840,"Gwynne, Araminta Amabel",1
841,"Gyllenhaal, Ethan F",2
842,H. Lee Moffitt Cancer Center and Research Institute Hospital Inc,4
843,"HABITAWARE, INC.",1
844,"HALO CURES, INC.",1
845,HALOMINE INC.,1
846,HARRIS-STOWE STATE UNIVERSITY,5
847,HEALTHPARTNERS Institute,1
848,"HEAT INVERSE, LLC",2
849,HELIOS POMPANO INC,1
850,"HELIPONIX, LLC",1
851,HENSUN INNOVATION LLC,1
852,"HEROWEAR, LLC",2
853,"HEXAKIT, INC.",2
854,"HEYKIDDO, LLC",1
855,"HIGHER EDUCATION, CONNECTICUT BOARD OF REGENTS FOR",1
856,HYPERION TECHNOLOGIES LLC,2
857,"HYPRLIFT, INC.",2
858,"HYQ RESEARCH SOLUTIONS, LLC",1
859,"Hafner, Elena S",1
860,"Haine, Peter James",1
861,"Hale, Kayla R S",1
862,"Hall, Zack B",1
863,"Hallgren, Maximilien",1
864,"Hamann, David Linus",2
865,Hamilton College,7
866,Hamline University,1
867,Hampton University,18
868,"Hankel, Camille",1
869,"Hardison, Emily A",1
870,Harford Community College,3
871,"Hartman, Jasenia",1
872,Hartnell College,1
873,Harvard University,213
874,Harvey Mudd College,13
875,Haskell Foundation,1
876,Haverford College,13
877,Hawaii Pacific University,5
878,"He, Xiaoyu",1
879,Health Research Incorporated/New York State Department of Health,1
880,"Hejazi, Nima S",2
881,"Heliobiosys, Inc.",1
882,"Hemenway, Gregory",1
883,Hendrix College,4
884,"Hennelly, Lauren Mae",1
885,"Henning, Paige M",2
886,"Henry, Christian",2
887,"Hernandez, Felipe",1
888,"Hickok, Abigail",1
889,High Point University,4
890,Higher Education Policy Commission,3
891,Highline Community College,2
892,Hillsborough Community College,2
893,Himet Materials LLC,1
894,Hinds Community College-Utica,2
895,"Hippee, Alaine C",2
896,History of Science Society,1
897,"Ho, Stephanie H",2
898,Hobart and William Smith Colleges,4
899,"Hodge, Rachel",2
900,"Hodges, Anthony",1
901,Hofstra University,14
902,"Hogan, Michael P",2
903,Hollins University,1
904,Holy Family College,1
905,Holyoke Community College,2
906,"Hong, David",1
907,Hood College,2
908,Hope College,9
909,Horizon Research Inc,5
910,"Hotchkiss, James Emerson",1
911,Housatonic Community College,1
912,Houston Baptist University,2
913,Houston Community College,1
914,Howard University,58
915,"Howes, Bolton John",1
916,"Huang, Caroline",1
917,"Huang, Daoji",2
918,Hubbard Brook Research Foundation,2
919,Hudson County Community College,2
920,Hudson Valley Community College,4
921,HudsonAlpha Institute for Biotechnology,3
922,"Hugelmeyer, Cole W",1
923,"Hunter, Nathanael H",1
924,Huston-Tillotson University,4
925,IAMBIC INC.,1
926,"ICTERO MEDICAL, INC.",1
927,"ILLUMINATE THERAPEUTICS, INC.",2
928,IMMERGO LLC,1
929,IMPACT ALLIES INC,3
930,IN VIRTUALIS LLC,1
931,INA SOLUTIONS INC.,1
932,INATURALIST,1
933,INCUENTRO LLC,1
934,"INFORMUTA, INC.",1
935,"INFRATIE SOLUTIONS, LLC",2
936,"INIA BIOSCIENCES, INC.",2
937,INITIUM AI INC.,1
938,"INNATRIX, INC.",1
939,"INQUIRING SYSTEMS, INC.",2
940,"INSIGNA, INC.",1
941,"INSILICA, LLC",2
942,INSILICOM LLC,1
943,INSOMA BIO INC,1
944,"INSTITUTE FOR FUTURE INTELLIGENCE, INC.",5
945,INTACT THERAPEUTICS,1
946,"INTERNATIONAL ALLIANCE FOR PHYTOBIOMES RESEARCH, INC.",3
947,INTERNET2,5
948,"INTUITAP MEDICAL, INC.",2
949,IONA UNIVERSITY,2
950,IONICSCALE LLC,1
951,IQInetics Technologies Inc.,1
952,"IRIS LIGHT TECHNOLOGIES, INC.",2
953,IRONSIDES MEDICAL INC,1
954,IRRADIANT SENSING CORPORATION,1
955,"ISEECHANGE, Inc.",1
956,"ISLEX THERAPEUTICS, LLC",1
957,Icahn School of Medicine at Mount Sinai,11
958,Idaho State University,16
959,Illinois Central College,1
960,Illinois Institute of Technology,54
961,Illinois Wesleyan University,1
962,"ImageCat, Inc.",1
963,Independence Community College,2
964,Indian Hills Community College,3
965,Indian River State College,5
966,Indiana Institute of Technology,2
967,Indiana State University,4
968,Indiana University,220
969,Indiana University of Pennsylvania,3
970,Indiana Wesleyan University,4
971,"Ingles, Kevin C",1
972,InnovBot LLC,2
973,Institute For Advanced Study,7
974,Institute for Global Environmental Strategies,1
975,Institute for Learning Innovation,1
976,Institute for Systems Biology,8
977,International Computer Science Institute,8
978,Iowa State University,207
979,"Itgen, Michael",1
980,Ithaca College,8
981,Ivy Tech Community College of Indiana,3
982,"Iyer, Sumun S",1
983,"J. Craig Venter Institute, Inc.",9
984,JELIKALITE LLC,1
985,"JOHNSON, O.S. TECHNICAL INSTITUTE",1
986,JSTOR,1
987,JUNO PROPULSION INC.,1
988,Jackson Community College,4
989,Jackson State University,28
990,"Jackson, Joseph S",1
991,Jacksonville State University,3
992,Jacksonville University,2
993,"Jadbabaie, Arian",2
994,"Jain, Yajit",2
995,"Jalbert, Madeline Claire",1
996,James A. Rhodes State College,1
997,James Madison University,25
998,"Jarecke, Karla M",2
999,Jarvis Christian College,3
1000,Jefferson College,1
1001,"Ji, Lena",1
1002,Joan and Sanford I. Weill Medical College of Cornell University,6
1003,"Jobe, Justus G D",1
1004,John Carroll University,4
1005,Johns Hopkins University,220
1006,Johnson C. Smith University,3
1007,Johnson County Community College,4
1008,Johnston Community College,2
1009,Joliet Junior College,2
1010,"Jolly, Amber R",1
1011,"Jones, Diamond T",2
1012,"Jones, Edna Luo",1
1013,"Jovinelly, Eric Michael",2
1014,"JuneBrain, Inc.",2
1015,Juniata College,3
1016,KAI TECH LLC,1
1017,"KATABASIS, INC.",1
1018,"KAYA FERTILIZERS, LLC",1
1019,KILELE HEALTH LLC,1
1020,Kalamazoo College,3
1021,"Kalashnikov, Dmitri Alexander",1
1022,"Kalion, Inc.",2
1023,"Kannan, Siddarth Pavan",2
1024,Kansas City Kansas Community College,3
1025,Kansas State University,86
1026,"Kapiamba, Alex Muteba",1
1027,"Karin, Benjamin R",1
1028,"Katsevich, Annie",1
1029,Kean University,12
1030,"Kean, Kiera Eloise",1
1031,"Kearly, Alyssa",2
1032,Kellogg Community College,2
1033,"Kelly, Patrick Quinn",1
1034,"Kemp, Dewey Dominique",1
1035,Kennebec Valley Community College,1
1036,Kennesaw State University Research and Service Foundation,43
1037,"Kenseth, Christopher M",1
1038,Kent State University,56
1039,Kentucky Community & Technical College System,13
1040,Kentucky Science & Technology Corporation,5
1041,Kentucky State University,3
1042,Kenyon College,5
1043,Kepley Biosystems Incorporated,1
1044,Kettering University,6
1045,Kilgore College,1
1046,"Kim, Minjae",1
1047,King's College,2
1048,"King, Darren Andrew",1
1049,"Kintsugi Mindful Wellness, Inc.",2
1050,"Kirkpatrick, Heather Margaret",1
1051,"Klug, Michael R",1
1052,"Knight, Hannah",2
1053,"Knisley, Matthew",2
1054,Knology Ltd.,2
1055,Knox College,1
1056,"Kopania, Emily Emiko Konishi",2
1057,"Kosterlitz, Olivia",2
1058,"Krishna, Siddhi",2
1059,"Krueger, Robert A",1
1060,"Kuan, Jeffrey",1
1061,"Kulik, Zoe",1
1062,"Kumar, Bhanu",1
1063,"Kuperberg, Vivian Zieve",2
1064,Kutztown University,4
1065,"Kuzbary, Miriam",1
1066,LABBY INC.,1
1067,"LAMBDA FUNCTION, INC.",2
1068,LASER GRAPHICTRONICS LLC,1
1069,LATTICE THERAPEUTICS INC,1
1070,LAWRENCE UNIVERSITY OF WISCONSIN,1
1071,LEARN COLLABORATE INC.,1
1072,LEARN: Lonestar Education and Research Network,1
1073,"LEARNING NETWORK, LLC, THE",1
1074,LELANTOS INC.,2
1075,LEVIOSA TECHNOLOGIES LLC,2
1076,"LIFE SEAL VASCULAR, INC.",2
1077,LIFENGINE ANIMAL HEALTH LABORATORIES INCORPORATED,1
1078,LIMAR AI INC,2
1079,LIMELIGHT STEEL INC.,2
1080,"LITERASEED, INC.",1
1081,"LITTLE ROOM INNOVATIONS, LLC",1
1082,LONG ISLAND CHILDREN'S MUSEUM,2
1083,"LOOMIA TECHNOLOGIES, INC.",2
1084,LSU Health Sciences Center -Shreveport,1
1085,"LUCA AI, LLC",1
1086,"LUCENDI, INC.",2
1087,LUMONIQ INC,2
1088,"LYOWAVE, INC",1
1089,La Salle University,1
1090,La Sierra University,1
1091,Lac Courte Oreilles Ojibwa Community College,1
1092,Lafayette College,16
1093,Lake Area Technical College,1
1094,Lake Forest College,2
1095,Lake Superior State University,1
1096,Lakeshore Technical College,2
1097,Lamar University,5
1098,"Lamarche, Alicia Mae",1
1099,"Lampert, Amichai",2
1100,"Lamperty, Justine Therese",1
1101,Landmark College,2
1102,"Landry, Michael",1
1103,Lane College,1
1104,Laramie County Community College,2
1105,"Large, Christopher Ryan Livingston",1
1106,"Larsen, Tyler J",2
1107,"Larson, Drew A",1
1108,Las Cumbres Observatory Global Telescope Network,9
1109,"Law, Michael",1
1110,Lawrence Technological University,10
1111,Lawson State Community College,1
1112,Le Moyne-Owen College,2
1113,Lebanon Valley College,2
1114,Lee College,1
1115,"Legan, Andrew Wesley",2
1116,Lehigh Carbon Community College,1
1117,Lehigh University,93
1118,"Lemma, Bezia",1
1119,"Leon Guerrero, Sibylla",1
1120,Lewis and Clark College,16
1121,"Lewis, Briley Lynn",1
1122,"Lewis, Madeline J",2
1123,"Lewis, Monica A",2
1124,"Li, Ray",1
1125,"Li-Huerta, Siyan",2
1126,"Liberty University, Inc.",3
1127,"Lichtman, Jared Duker",1
1128,Limestone College,2
1129,Lincoln Park Zoo,2
1130,Lincoln University,9
1131,"Link, Kathryn Grace",1
1132,"Lipton, Max",2
1133,Little Priest Tribal College,3
1134,Livingstone College,1
1135,"Lombardi, Elizabeth",1
1136,Long Island University,4
1137,Longwood University,4
1138,"Lopatto, Patrick",2
1139,"Lopez, Jonathan Williams",1
1140,"Lopez, Marco Antonio",1
1141,Lorain County Community College,2
1142,Los Angeles County Museum of Natural History Foundation,9
1143,Los Angeles Harbor College,1
1144,Los Angeles Mission College,2
1145,Los Angeles Pierce College,3
1146,Los Angeles Valley College,3
1147,Louisiana Board of Regents,3
1148,Louisiana State University,208
1149,Louisiana State University Agricultural Center,4
1150,Louisiana State University Health Sciences Center,1
1151,Louisiana State University at Alexandria,1
1152,Louisiana Tech University,17
1153,"Love, Cara N",1
1154,Lowell Observatory,8
1155,"Loyd, Kaitlyn F",2
1156,Loyola Marymount University,4
1157,"Loyola University Maryland, Inc.",3
1158,Loyola University of Chicago,33
1159,"Loyola University of Chicago, Health Sciences Campus",3
1160,"Lucey, Madeline",1
1161,"Luo, Sammy Y",1
1162,Luther College,1
1163,"Lutz, Patrick G",1
1164,LuxNour Technologies Inc,1
1165,Lycoming College,1
1166,Lygos Inc.,1
1167,"Lyman, Rylee A",1
1168,"MACROCOSM, INC.",2
1169,"MADISON SCIENTIFIC, INC.",1
1170,MAGNIFY BIOSCIENCES INC.,1
1171,MAGSORBEO BIOMEDICAL CORP,1
1172,MAIJKER CORP.,1
1173,MAIN ENGINEERING LLC,1
1174,MAINE DEVELOPMENT FOUNDATION,1
1175,"MAMMAE BIOSCIENCES, INC.",1
1176,"MANZANITA COOPERATIVE, INC.",1
1177,"MAPLESS AI, INC.",1
1178,"MARCONI SOCIETY, INC.",1
1179,"MARINE TECHNOLOGY SOCIETY, INC.",2
1180,"MARK O'NEILL, LLC",2
1181,"MENTE, INC.",1
1182,"METACULUS, INC.",1
1183,"METEORA3D, INCORPORATED",1
1184,"MFNS TECH, INC.",2
1185,MGH Institute of Health Professions,3
1186,MICHIGAN STATE UNIVERSITY FOUNDATION,1
1187,MILITARY SEALIFT COMMAND,1
1188,MIMIC SYSTEMS INC,1
1189,MINNESOTA STATE COLLEGES AND UNIVERSITIES,1
1190,MINNOWTECH LLC,2
1191,MISSISSIPPI STATE UNIVERSITY ASSURE RESEARCH & DEVELOPMENT CORPO,1
1192,"MITO-BIOTHERAPEUTICS, INC.",1
1193,"MIXTA RE, INC",1
1194,MODENDO INC.,1
1195,"MOLECULAR INTERFACES, LLC",1
1196,MOLECULAR SURFACE TECHNOLOGIES LLC,2
1197,MOLLOY UNIVERSITY,4
1198,MOLTEN MATERIALS LLC,2
1199,"MOLTEN SALT SOLUTIONS, LLC",1
1200,MONTCALM COMMUNITY COLLEGE,1
1201,MULTIPLIER,1
1202,MUON VISION INC.,2
1203,MUSEUM ASSOCIATES,1
1204,"MVMNT-X, INC.",1
1205,MYANIML,1
1206,MYCONAUT LLC,1
1207,MYVILLAGE PROJECT INC,1
1208,"Maayan, Inbar",2
1209,"MacDonald, Hannelore A",1
1210,Macalester College,12
1211,"Macias, Diana Stephanie",1
1212,Madison Area Technical College,5
1213,"Madison, Imani Adia",1
1214,Maine Mathematics and Science Alliance,8
1215,"Maldague, Dominique Francoise",1
1216,"Manafzadeh, Armita Razieh",1
1217,"Mandelshtam, Yelena",1
1218,"Manea, Catherine",1
1219,Manhattan College,6
1220,Manhattanville College,1
1221,"Mann, Michael Everett",1
1222,"Marante Valdes, Carlos Antonio",1
1223,Marian University,2
1224,Maricopa County Community College District,9
1225,Marine Biological Laboratory,17
1226,Marine Environmental Sciences Consortium,1
1227,Marion Technical College,4
1228,Marquette University,33
1229,"Marquez, Alan",2
1230,Marshall University Research Corporation,16
1231,"Martin, Bruce Stagg",2
1232,"Martin, Gage",1
1233,"Martinez Grundman, Jaime Enrique",1
1234,"Martínez-Gómez, Jesús",1
1235,Marymount University,7
1236,Maryville College,2
1237,Marywood University,1
1238,"Massa, Megan G",1
1239,Massachusetts Eye and Ear Infirmary,1
1240,Massachusetts General Hospital,4
1241,Massachusetts Institute of Technology,328
1242,Materials Research Society,2
1243,Mathematical Association of America,7
1244,Mathematical Sciences Research Institute,3
1245,"Matilsky, Loren",2
1246,"Matzke, Ryan W",1
1247,Mayo Clinic Rochester,8
1248,McDaniel College,1
1249,"McGinnis, Daniel A",2
1250,"McKean, Stephen",1
1251,"McKenzie, Marion",1
1252,McLean Hospital,1
1253,"McMillon, Emily",1
1254,McMurry University,3
1255,Medical College of Wisconsin,4
1256,Meharry Medical College,11
1257,"Mendiola, Sandra Y",2
1258,Menlo College,1
1259,"Mercado, Francisco J",1
1260,Mercer University,7
1261,Mercyhurst University,1
1262,Merrimack College,3
1263,"Merritt, Rachael L",2
1264,Metropolitan College of New York,1
1265,Metropolitan State University of Denver,4
1266,"Meyer, Chandler Marie",1
1267,Miami Dade College,6
1268,Miami University,41
1269,"Michail, Joseph M",2
1270,Michigan State University,372
1271,Michigan Technological University,69
1272,Middle Georgia State University,1
1273,Middle Tennessee State University,23
1274,Middlebury College,14
1275,Midwestern State University,1
1276,Midwestern University,2
1277,Miles College,3
1278,Millersville University,2
1279,Millikin University,1
1280,Milwaukee 7 Water Council,1
1281,Milwaukee Area Technical College,1
1282,Milwaukee School of Engineering,1
1283,Minneapolis Community and Technical College,1
1284,Minnesota Riverland Technical College (Austin Campus),1
1285,Minnesota State Colleges & Universities,1
1286,Minnesota State University Moorhead,2
1287,"Minnesota State University, Mankato",5
1288,MiraCosta College,1
1289,Mississippi Gulf Coast Community College,1
1290,Mississippi State University,86
1291,Mississippi University For Women,2
1292,Mississippi Valley State University,3
1293,Missouri Botanical Garden,4
1294,Missouri State University,4
1295,Missouri University of Science and Technology,69
1296,Missouri Western State University,3
1297,Mitre Corporation Virginia,5
1298,"Miyagi, Miriam",1
1299,"Molitor, Zachary",1
1300,"Monge, Richard",1
1301,Monmouth University,2
1302,Monroe Community College,2
1303,Montana State University,104
1304,Montana State University - Billings,1
1305,Montana Technological University,8
1306,Montclair State University,36
1307,"Monteiro, Nariel",1
1308,Monterey Bay Aquarium Research Institute,12
1309,Monterey Institute For Research in Astronomy,2
1310,Montgomery College,5
1311,Montgomery County Community College,1
1312,"Montoya-Vega, Gabriel Jaime",1
1313,"Moore, Kelsey R",1
1314,Moravian University,1
1315,Morehead State University,3
1316,Morehouse College,12
1317,Morehouse School of Medicine,1
1318,"Morfe, Peter",2
1319,Morgan                  Victoria       M,2
1320,Morgan State University,51
1321,"Morgridge Institute for Research, Inc.",4
1322,Morton Arboretum,3
1323,"Mosley, Camille",1
1324,Mote Marine Laboratory,5
1325,Motlow State Community College,5
1326,"Mouillé, Lawrence",2
1327,Mount Holyoke College,5
1328,Mount Hood Community College,2
1329,"Mount Mary University, Inc.",1
1330,Mount San Antonio College,7
1331,Mount St. Mary's University,2
1332,Mount Wachusett Community College,1
1333,Mountwest Community & Technical College,1
1334,"Mui, Stephanie",2
1335,"Mundy, Samuel",1
1336,"Muragishi, Gregg A",1
1337,"Murphy, Sara Edinger",1
1338,Murray State University,4
1339,Museum of Science and Industry,1
1340,"NALA SYSTEMS, INC.",1
1341,NANORES LLC,1
1342,NASA/GODDARD SPACE FLIGHT CENTER,1
1343,NASUS MEDICAL INC.,1
1344,NATIONAL INSTITUTE OF STANDARDS AND TECHNOLOGY,2
1345,"NATIONAL RESOURCE CONSULTANTS, LLC",2
1346,"NATRX, INC.",2
1347,NEARABL INC.,2
1348,"NEOCARE INNOVATIONS, INC.",1
1349,"NEURALTRAK, INC",2
1350,NEUROBIONICS INC,2
1351,"NEURODYNE, INC.",1
1352,NEUROSMART INC.,1
1353,NEUROTECHR3 INC.,2
1354,NEVADA STATE UNIVERSITY,1
1355,"NEW ENGLAND HEMOLYTICS, INC.",1
1356,"NEW HAMPSHIRE ACADEMY OF SCIENCE, INC.",1
1357,"NEW UNIVERSITY OF BRIDGEPORT, INC., THE",1
1358,NEWHAPTICS CORP.,3
1359,"NEXILICO, INC.",1
1360,NEXTCORPS INC,2
1361,NEXTGENEDU INC,1
1362,NEXUMA L.L.C.,1
1363,NJEDge.Net,3
1364,NONA TECHNOLOGIES,1
1365,NOON ENERGY INC.,1
1366,"NORCON TECHNOLOGIES HOLDING, INC.",1
1367,"NORTHWEST KANSAS TECHNICAL COLLEGE, INC.",1
1368,"NOSTOPHARMA, LLC",1
1369,NOVAURUM BIOSCIENCES INCORPORATED,1
1370,"NOVEL FARMS, INC.",1
1371,"NOVOCLADE, INC.",2
1372,"NOVOTHELIUM, LLC",1
1373,NUCLEON POWER INC,1
1374,NUMENTUS TECHNOLOGIES INC.,1
1375,NUTRAMAIZE LLC,1
1376,"Naff, Keaton Thomas",1
1377,"Nakamura, Kai",1
1378,"Nakashima, Whitney",2
1379,Nanopath Inc.,1
1380,Nantucket Maria Mitchell Association,1
1381,Nash Community College,1
1382,Nassau Community College,2
1383,Nathan S Kline Institute for Psychiatric Research,1
1384,National Academy of Sciences,42
1385,National Bureau of Economic Research Inc,69
1386,National Center For State Courts,1
1387,National Center for Genome Resources,1
1388,National Council for Science and the Environment/CEDD,1
1389,National Girls Collaborative,2
1390,National Institute of Statistical Sciences,2
1391,National Marine Mammal Foundation,1
1392,National Opinion Research Center,11
1393,National Park Community College,2
1394,National Postdoctoral Association,1
1395,National Tropical Botanical Garden,1
1396,National University,1
1397,National-Louis University,3
1398,Navajo Technical University,5
1399,Naval Postgraduate School,7
1400,"Navy, United States Department of the",1
1401,"Neal, Isaac",1
1402,Nebraska Wesleyan University,2
1403,"Negrete, Benjamin",1
1404,"Nelsen, Nicholas H",1
1405,Neumann University,1
1406,Nevada System of Higher Education,3
1407,"Nevada System of Higher Education, Desert Research Institute",20
1408,New College of Florida,3
1409,New Iridium,1
1410,New Jersey City University,2
1411,New Jersey Institute of Technology,116
1412,New Mexico Consortium,10
1413,New Mexico Highlands University,5
1414,New Mexico Institute of Mining and Technology,37
1415,New Mexico Museum of Natural History Foundation,1
1416,New Mexico State University,61
1417,New York Botanical Garden,12
1418,New York Hall of Science,4
1419,New York Institute of Technology,10
1420,New York State Education Department,2
1421,New York University,255
1422,New York University Medical Center,16
1423,"Neylan, Isabelle P",2
1424,Niagara University,1
1425,"Nicoletti, Matthew",1
1426,"Nonnamaker, Emily",2
1427,Norfolk State University,19
1428,Normandale Community College,3
1429,North Arkansas College,5
1430,North Carolina Agricultural & Technical State University,77
1431,North Carolina Central University,19
1432,North Carolina State University,372
1433,North Carolina Wesleyan College,1
1434,North Central College,3
1435,North Dakota State University Fargo,47
1436,North Park University,1
1437,"NorthWest Research Associates, Incorporated",13
1438,Northcentral Technical College,2
1439,Northeast Ohio Medical University,3
1440,Northeast State Technical Community College,2
1441,Northeast Wisconsin Technical College,2
1442,Northeastern Illinois University,8
1443,Northeastern State University,2
1444,Northeastern University,283
1445,Northern Arizona University,84
1446,Northern Forest Center,1
1447,Northern Illinois University,43
1448,Northern Kentucky University,6
1449,Northern Michigan University,1
1450,Northern State University,2
1451,Northern Virginia Community College,8
1452,Northland Community & Technical College,4
1453,Northwest Indian College,3
1454,Northwest Missouri State University,1
1455,Northwest Vista College,1
1456,Northwestern Connecticut Community College,1
1457,Northwestern University,292
1458,Northwestern University at Chicago,5
1459,Norwich University,3
1460,"Norwood, Alexandra Lynn",2
1461,Nova Southeastern University,9
1462,"Nsengiyumva, Emmanuel M",2
1463,Nurture Nature Center,2
1464,"O'Desky, Andrew",1
1465,OAKGROVE BIO LLC,1
1466,OBLIVIOUS LABS INC.,1
1467,"OCEAN MOTION TECHNOLOGIES, INC.",2
1468,OCULOGENEX,1
1469,OFF PLANET RESEARCH L.L.C.,1
1470,"OFF-WORLD, INC.",1
1471,OFM Research,1
1472,"OHIO STATE UNIVERSITY, THE",337
1473,OKLAHOMA STATE REGENTS FOR HIGHER EDUCATION,3
1474,OM THERAPEUTICS INC.,1
1475,"OMNICYTE, LLC",1
1476,ONCOBLAZE LLC,1
1477,"ONE SPOT LEARNING, INC.",2
1478,"ONECYTE BIOTECHNOLOGIES, INC.",1
1479,OPEN SOURCE HARDWARE ASSOCIATION,1
1480,OPTICAL WATERS LLC,1
1481,"OPTICALX, LLC",1
1482,OSMOSES INC.,1
1483,OSTIIO LLC,1
1484,OUTER COAST,1
1485,OXBYEL TECHNOLOGIES INC.,1
1486,Oakland University,35
1487,Oakton Community College,1
1488,Oakwood College,5
1489,Oberlin College,24
1490,Occidental College,15
1491,Oceanography Society,1
1492,Oglala Lakota College,3
1493,Ohio Dominican University,3
1494,Ohio Northern University,2
1495,Ohio University,19
1496,Ohio Wesleyan University,4
1497,Ohlone Community College District,3
1498,"Okamoto, Kristina",1
1499,Oklahoma Medical Research Foundation,2
1500,Oklahoma State University,98
1501,"Olander, Noah B",1
1502,Old Dominion University Research Foundation,48
1503,"Olson, Connor I",1
1504,"OmnEcoil Instruments, Inc.",1
1505,Onai Inc.,1
1506,"Opie, Morgan P",1
1507,"Optimeos Life Sciences, Inc.",1
1508,Oral Roberts University,2
1509,"Ordog, Erika Anastasia",1
1510,Oregon Health & Science University,9
1511,Oregon Museum of Science and Industry,1
1512,Oregon Research Institute,4
1513,Oregon State University,260
1514,"Orosz, Florencia",1
1515,Otterbein College,2
1516,Ouachita Baptist University,1
1517,"Ouyang, Zhimeng",2
1518,"Ovans, Zoe",1
1519,Ozarks Technical Community College,1
1520,PANGEA CHAT LLC,2
1521,"PARALLEL PIPES, LLC",2
1522,PARAMIUM TECHNOLOGIES LLC,1
1523,PARAMOUNT PLANET PRODUCT,2
1524,"PARKVIEW HOSPITAL, INC.",1
1525,PASCAL TAGS INC,1
1526,PATHFLOW INC.,2
1527,PBS FOUNDATION,1
1528,PENNSYLVANIA WESTERN UNIVERSITY,6
1529,"PERCEPTRA TECHNOLOGIES, INC.",2
1530,PHAGE REFINERY LLC,2
1531,PHARMACOUSTICS TECHNOLOGIES LLC,2
1532,"PHLUX TECHNOLOGIES, INC.",2
1533,PHOENIX WASTE SOLUTIONS INC.,2
1534,PHYTUNES INC,1
1535,"PIERSICA, INC.",1
1536,PIRVISION LENS LLC,1
1537,PITCH AERONAUTICS INC.,1
1538,PNEUMONIX MEDICAL INC.,1
1539,"POD NETWORK, LLC",1
1540,"PRAIRIELEARN, INC.",1
1541,PROTEIN DESIGN SOLUTIONS LLC,1
1542,PROVIZIGEN LLC,1
1543,"PSEUDOLITHIC, LLC",2
1544,PUBLIC POLICY LAB,1
1545,Pace University New York Campus,4
1546,Pacific Lutheran University,3
1547,Pacific Northwest Research Institute,1
1548,Pacific Resources for Education and Learning,1
1549,Pacific University,3
1550,"Padgitt-Cobb, Lillian",1
1551,Paleontological Research Institute,1
1552,Palm Beach State College,1
1553,"Palmer, David",2
1554,"Parekh, Shalin",1
1555,"Parker, Charles William",2
1556,"Parker, Gregory J",2
1557,Parkland College,1
1558,Pasadena City College,1
1559,Passaic County Community College,1
1560,"Patel, Dhruvit",1
1561,"Patel, Shreya Kiritbhai",1
1562,Paul Smith's College of Arts and Sciences,1
1563,"Pegan, Teresa",1
1564,"Pena, Jessica",1
1565,"Pena, Tara",1
1566,"Pennington, Lillie K",2
1567,Pennsylvania College of Technology,3
1568,Pennsylvania State Univ University Park,531
1569,Pepperdine University,4
1570,"Perea, Melecio",1
1571,"Perez, Evan Hunt",2
1572,"Petersen, Rachel",1
1573,"Pheronym, Inc.",2
1574,Philadelphia Area Center for History of Science,1
1575,Philadelphia College of Osteopathic Medicine,2
1576,"Phillips, Michael Robert",1
1577,"Phillips, Tristan",2
1578,Phoenix Bioinformatics Corporation,4
1579,Piedmont College,1
1580,Pikes Peak Community College,1
1581,"Pillai, Mohandas",1
1582,Pima County Community College District- NORTHWEST CAMPUS,1
1583,Planetary Science Institute,14
1584,Plymouth State University,2
1585,Point Reyes Bird Observatory,1
1586,Pomona College,13
1587,Portland State University,75
1588,Prairie View A & M University,44
1589,"Prall, Wil",2
1590,Pratt Institute,3
1591,Precision Neuroscopics,1
1592,Predictive Science Incorporated,2
1593,Prince George's Community College,1
1594,Princeton University,247
1595,"Prokhorov, Andrei",1
1596,Providence College,6
1597,Purdue University,515
1598,"Pyrch, Mikaela",2
1599,QAS.AI INC,1
1600,"QUADRALYNX, INC",1
1601,QUALITY EDUCATION FOR MINORITIES NETWORK,11
1602,QUANTIREAL INC.,2
1603,"QUANTIVLY, INC.",1
1604,"QUANTUM COPPER, INC.",2
1605,QUARKSEN LLC,1
1606,Quincy University,2
1607,"Quinlan, Eamon Matthew",2
1608,RAINBOW HOSPITALITY LLC,1
1609,RAPID RADICALS TECHNOLOGY LLC,1
1610,"RAVEL HOLDINGS, INC.",1
1611,RCAM TECHNOLOGIES,1
1612,REBORNC LLC,2
1613,"RECON RF, INC.",1
1614,REEFGEN INC.,2
1615,"REFIBERED, INC.",1
1616,"REFLODX, INC.",1
1617,REHABNETICS MEDICAL LLC,1
1618,"RELAI, INC.",1
1619,RENEWCO2 LLC,1
1620,"RESELUTE, INC.",1
1621,RESET WATER LLC,1
1622,RESONANCE SIGNATURES LLC,1
1623,"RESONANTIA DIAGNOSTICS, INC.",2
1624,"RETHINK LEARNING, INC.",3
1625,RETRN BIOWORKS INC.,1
1626,"RETURN TO VENDOR, CO",2
1627,"REVEL TECHNOLOGIES, INC.",1
1628,"REVIVBIO, INC",1
1629,REVIVE BIOTECHNOLOGY INC.,1
1630,REVTERRA CORPORATION,1
1631,RG Research Group,2
1632,RICH EARTH LLC,2
1633,"RMC Research Corporation, OR",1
1634,"ROBIGO, INC.",1
1635,ROCKET PROPULSION SYSTEMS LLC,1
1636,"ROCKY MOUNTAIN INNOVATION INITIATIVE, INC.",1
1637,ROOTWORDS INC,1
1638,ROSALIND FRANKLIN UNIVERSITY OF MEDICINE AND SCIENCE,2
1639,ROSEBUD BIOSCIENCES INC.,1
1640,ROWBOT SYSTEMS LLC,2
1641,ROWLAND ROBERT REEVES,2
1642,RSTREAM RECYCLING INC,1
1643,RT MICRODX INC.,1
1644,"RUBI LABORATORIES, LLC",2
1645,RUNESTONE ACADEMY LTD,1
1646,RUSH UNIVERSITY MEDICAL CENTER,1
1647,RUSHNU INC,2
1648,"RUTGERS, THE STATE UNIVERSITY OF NEW JERSEY",6
1649,"RYP LABS, INC.",1
1650,Radford University,4
1651,"Raksit, Arpon",2
1652,Ramapo College of New Jersey,7
1653,"Ramirez-Corona, Bryan A",2
1654,Rancho Santa Ana Botanic Garden,2
1655,Rancho Santiago Community College District,2
1656,Rand Corporation,14
1657,Randolph-Macon College,5
1658,"Rasmussen, Alexander James",1
1659,"Rathje, Steve",1
1660,"Ray, Allyson",1
1661,"Ray, Courtenay A",1
1662,"Raydiant Oximetry, Inc",1
1663,Reed College,17
1664,"Reeves, Lily",2
1665,Regents of the University of Idaho,65
1666,Regents of the University of Michigan - Ann Arbor,613
1667,Regents of the University of Michigan - Dearborn,25
1668,Regents of the University of Michigan - Flint,10
1669,Regis College,1
1670,Regis University,1
1671,Rehabilitation Institute of Chicago,1
1672,Reinhardt College,2
1673,Rensselaer Polytechnic Institute,81
1674,Renton Technical College,1
1675,Research Foundation CUNY - Advanced Science Research Center,15
1676,Research Foundation For Mental Hygiene Inc,1
1677,Research Foundation Of The City University Of New York (Lehman),12
1678,Research Foundation of the City University of New York,3
1679,Research Triangle Institute,1
1680,"Respira Labs, Inc.",1
1681,Restore America's Estuaries,1
1682,Reuben H. Fleet Science Center,1
1683,"Rezchikov, Semen Kirillovich",1
1684,Rhode Island Hospital,1
1685,Rhode Island School of Design,3
1686,Rhodes College,4
1687,Rider University,4
1688,Rio Hondo College,3
1689,Ripon College,2
1690,Riverside Community College District/Riverside City College,1
1691,Roane State Community College,2
1692,Rochester Institute of Tech,105
1693,Rockefeller University,2
1694,Rockhurst University,1
1695,Rocky Mountain Biological Laboratory,5
1696,Rocky Mountain Institute,2
1697,Roger Williams University,2
1698,Rollins College,5
1699,Roosevelt University,3
1700,"Rosa Raices, Jorge Luis",2
1701,Rose State College,1
1702,Rose-Hulman Institute of Technology,6
1703,"Ross, Catherine Haggard",1
1704,"Roth, Jamila",1
1705,Rowan College of South Jersey -- Cumberland Campus,2
1706,Rowan University,51
1707,"Rozo-Lopez, Paula C",2
1708,"Rubin, Juliette",1
1709,"Russell-Madonia, Jacob",1
1710,Rutgers University Camden,15
1711,Rutgers University New Brunswick,276
1712,Rutgers University Newark,48
1713,"Rutgers, The State University of New Jersey-RBHS-Robert Wood",2
1714,"Rutkowski, Danielle",1
1715,"Rybarczyk, Daniel R",2
1716,"SAKURA SOFTWARE SOLUTIONS, LLC",1
1717,"SALIENT PREDICTIONS, INC.",1
1718,SAMSAT,1
1719,SAN DIEGO COMMUNITY COLLEGE DISTRICT,3
1720,SANGTERA INC,1
1721,SAVIMBO INC.,1
1722,SCORPIDO PHOTONICS,1
1723,SCRIPT BIOSCIENCES INC,1
1724,"SEMEN AND EMBRYO ADVANCED REPRODUCTIVE TECHNOLOGIES (SMART), LLC",1
1725,"SEMERGYTECH, INC.",1
1726,"SENOGUARD, INC.",1
1727,SENSEER HEALTH INC.,1
1728,SETI Institute,7
1729,SHAKOPEE MDEWAKANTON SIOUX COMMUNITY,1
1730,SHARON WASHINGTON,2
1731,SHELL MUSEUM EDUCATIONAL FOUNDATION,1
1732,"SHROOM-E CO., LLC",1
1733,SIGNAL-WISE LLC,2
1734,SILICON ASSURANCE LLC,1
1735,"SILVEC BIOLOGICS, INC.",2
1736,SIRENOPT INC,1
1737,SITKA SOUND SCIENCE CENTER INC,3
1738,"SIXLINE SEMICONDUCTOR, INC.",1
1739,SKILLSGAPP LLC,1
1740,"SKIP TECHNOLOGY, INC.",1
1741,"SKYGIG, LLC",1
1742,SMART GIRLS HQ LLC,1
1743,SMARTCHARTS INC.,2
1744,"SOARCE, INC.",1
1745,"SOCTERA, INC.",1
1746,SOFI TEC LLC,1
1747,"SOFTHREAD, INC.",1
1748,SOILSERDEM LLC,2
1749,"SOLARID AR, LLC.",2
1750,SOLIOME LLC,2
1751,"SONOGEN MEDICAL, INC.",1
1752,"SONOVANCE, INC.",1
1753,"SONOVOICE, INC.",2
1754,SOUTHERN CALIFORNIA TRIBAL CHAIRMENS ASSOCIATION,1
1755,"SOWN TO GROW, INC.",1
1756,SPACE KINETIC CORP.,2
1757,SPACE SCIENCE INSTITUTE,9
1758,"SPEARSTONE SOLUTIONS, LLC",1
1759,"SPECTACULAR LABS, INC.",1
1760,SRI International,15
1761,STARNAV LLC,1
1762,"START International, Inc.",5
1763,STEG AI CORPORATION,1
1764,STL SCIENTIFIC LLC,1
1765,"STORX TECHNOLOGIES, INC.",2
1766,STUDENT RESEARCH & DEVELOPMENT,2
1767,"SUFFICIENTLY ADVANCED, INC.",1
1768,"SUNTHETICS, INC.",1
1769,SUNY Adirondack,1
1770,SUNY College at Brockport,4
1771,SUNY College at Buffalo,1
1772,SUNY College at Fredonia,1
1773,SUNY College at Geneseo,8
1774,SUNY College at New Paltz,2
1775,SUNY College at Old Westbury,6
1776,SUNY College at Oneonta,4
1777,SUNY College at Oswego,9
1778,SUNY College at Potsdam,3
1779,SUNY College of Environmental Science and Forestry,25
1780,SUNY Empire State College,1
1781,SUNY Onondaga Community College,3
1782,SUNY Polytechnic Institute,9
1783,SUNY at Albany,78
1784,SUNY at Binghamton,83
1785,SUNY at Buffalo,187
1786,SUNY at Stony Brook,224
1787,"SUNY, Upstate Medical University",1
1788,"SUPERCLEAN GLASS, INC.",1
1789,"SUPERIOR STATISTICAL RESEARCH, LLC",1
1790,SUSMAX LLC,1
1791,"SYNSORYBIO, INC.",1
1792,"SYNTHETIC VECTOR DESIGNS, LLC",1
1793,SYZYGY OPTICS LLC,1
1794,Sacred Heart University,3
1795,Saddleback College,3
1796,"SageFox Consulting Group, LLC",2
1797,Saginaw Chippewa Tribal College,1
1798,"Sahi, Razia S",2
1799,Saint Augustine's College,10
1800,Saint Bonaventure University,1
1801,Saint Edward's University,1
1802,Saint Francis University,2
1803,Saint John's University,7
1804,Saint Joseph's College,2
1805,Saint Lawrence University,3
1806,"Saint Leo University, Inc.",1
1807,Saint Louis University,31
1808,Saint Martin's University,1
1809,Saint Mary's College of California,5
1810,Saint Mary's University of Minnesota,1
1811,Saint Michael's College,1
1812,Saint Vincent College,3
1813,Salem State University,1
1814,Salisbury University,4
1815,Salish Kootenai College,9
1816,Salt Lake Community College,3
1817,Salve Regina University,3
1818,Sam Houston State University,11
1819,Samford University,1
1820,San Antonio College,2
1821,San Diego Society of Natural History,1
1822,San Diego State University Foundation,107
1823,San Francisco State University,50
1824,San Jacinto College District,4
1825,San Jose State University Foundation,54
1826,San Mateo County Community College District,2
1827,"Sanchez, Andre",1
1828,"Sanchez, Anthony",1
1829,"Sanchez, Joshua J",2
1830,"Sanchez, Mario",1
1831,"Sanchez, Natalie Nicole",1
1832,"Sandoval-Powers, Megan A",1
1833,Santa Barbara Museum of Natural History,2
1834,Santa Clara University,23
1835,Santa Fe College,1
1836,Santa Fe Community College,2
1837,Santa Fe Institute,6
1838,Santa Monica College,1
1839,"Santiago, Ty J",1
1840,Sarah Lawrence College,1
1841,"Sarro, Erica",1
1842,"Sasya, LLC",2
1843,Savage Medical Inc.,1
1844,Savannah State University,3
1845,"Schmidt, Steven E",2
1846,"Schock, Nolan Jeffry",2
1847,"School District No.1j Multnomah County, Or",2
1848,School for American Research,1
1849,"Schulz, Aimee J",2
1850,"Science Communication Lab, Inc.",1
1851,Science Museum of Minnesota,6
1852,Scientific Committee on Oceanic Research (SCOR),4
1853,Scripps College,6
1854,Sea Education Association,1
1855,Sea Research Foundation,3
1856,Sealaska Heritage Institute,1
1857,"Sears, Caitlyn",1
1858,Seattle Community College District Office,3
1859,Seattle Pacific University,4
1860,Seattle University,7
1861,"Seelinger, George H",1
1862,"Seligman, Darryl Zachary",1
1863,"Senger, Andrew",1
1864,"Serinus Labs, Inc.",2
1865,Sesame Workshop,2
1866,Seton Hall University,1
1867,"Seyler, Caroline Elizabeth",1
1868,"Shah, Shailee",2
1869,Shaw University,3
1870,"Sheffer, Monica M",2
1871,Shepherd University,1
1872,"Sherman, Brynn E",1
1873,"Sherman-Bennett, Melissa U",1
1874,"Sherpa, Sonam Futi",1
1875,Shoreline Community College,2
1876,"Short, Aidan William",2
1877,Siena College,2
1878,Siena Heights University,2
1879,Sierra Streams Institute,1
1880,Silvis Materials,2
1881,Simmons University,3
1882,Simon                   Joseph,1
1883,"Simonis, Molly C",1
1884,Simpson College,1
1885,"Simpson, Austyn",1
1886,Sinclair Community College,5
1887,Sitka Tribe of Alaska,2
1888,Sitting Bull College,1
1889,Skidmore College,7
1890,Slippery Rock University of Pennsylvania,1
1891,Sloan Kettering Institute For Cancer Research,2
1892,Smith College,28
1893,"Smith, Jason D",1
1894,Smithsonian Institution,26
1895,Smithsonian Institution Astrophysical Observatory,16
1896,"Snead, Anthony Andrew",2
1897,Social Science Research Council,1
1898,Society For Developmental Biol,1
1899,Society For Industrial and Applied Math (SIAM),3
1900,Society for In Vitro Biology,1
1901,Society for Personality and Social Psychology,1
1902,Society for Social Studies of Science,1
1903,Society of Manufacturing Engineers,1
1904,Sonoma State University,6
1905,South Carolina State University,1
1906,South Central College,1
1907,South Dakota Board of Regents,3
1908,South Dakota School of Mines and Technology,26
1909,South Dakota State University,24
1910,South Florida State College,3
1911,Southeast Community College,1
1912,Southeast Missouri State University,2
1913,Southeastern Community College Burlington,2
1914,Southeastern Louisiana University,3
1915,Southern Adventist University,2
1916,Southern Connecticut State University,2
1917,Southern Illinois University at Carbondale,29
1918,Southern Illinois University at Edwardsville,11
1919,Southern Methodist University,51
1920,Southern Oregon University,2
1921,Southern University,13
1922,Southern University New Orleans,1
1923,Southern University at Shreveport,2
1924,Southern Utah University,8
1925,Southern West Virginia Community College,2
1926,Southwest Research Institute,7
1927,Southwestern College,3
1928,Spartanburg Community College,3
1929,Spectral Sciences Inc,2
1930,Spelman College,17
1931,"Spiegel, Daniel David",1
1932,"Spiro, Sam",1
1933,"Spitler, Ryan",2
1934,St Joseph's University,2
1935,St Jude Children's Research Hospital,6
1936,St Mary's College of Maryland,4
1937,St Mary's University San Antonio,1
1938,St Peter's University,2
1939,St. Catherine University,3
1940,St. Cloud State University,2
1941,St. John Fisher College,3
1942,St. Norbert College,3
1943,St. Petersburg College,2
1944,"Stackhouse, Chavis A",1
1945,Stanford University,259
1946,"Stanton, Lauren Ashely",1
1947,Stark State College of Technology,1
1948,Startle Innovation LLC,2
1949,State University of New York College of Technology at Canton,2
1950,"Steigerwald, Emma Cathleen",1
1951,"Stemo, Aaron",1
1952,Stephen F. Austin State University,4
1953,Stetson University,2
1954,Stevens Institute of Technology,86
1955,"Stevens, Madison P",2
1956,Stevenson University,2
1957,Stillman College,3
1958,Stochastic Research Technologies LLC,1
1959,Stockton University,3
1960,Strategic Energy Innovations,1
1961,Stroud Water Research Center,5
1962,Suffolk Community College,4
1963,Suffolk University,4
1964,Sul Ross State University,3
1965,"Sullivan, Colleen E",1
1966,"Sumner, Brandon C",1
1967,Sunthru LLC,1
1968,Susquehanna University,1
1969,Sustainable Horizons Institute,4
1970,"Swanson, Mark T",1
1971,Swarthmore College,13
1972,"Sweeting, Brandon Scott",2
1973,"Sweeting, Naomi",2
1974,"Swentowsky, Kyle W",1
1975,"Swift, Joel F",1
1976,Swinomish Indian Tribal Community,1
1977,"Symbrosia, Inc.",2
1978,Syracuse University,126
1979,"T33 DENTAL, INC.",1
1980,"TEARDX, LLC",1
1981,TECTARIA BIO LLC,2
1982,TEGA Therapeutics Inc,1
1983,"TEMPRIAN ONCOLOGY, INC.",1
1984,TERC Inc,26
1985,"TERRA AI, INC",2
1986,"TERRAFERMA FOODS, INC.",1
1987,TERRAFORMA CARBON LLC,1
1988,TFWIRELESS INC.,1
1989,THE ALLEN INSTITUTE FOR ARTIFICIAL INTELLIGENCE,1
1990,THERACEA PHARMA LC,1
1991,"THERAFLUOR, INC.",1
1992,THERAPEUTIC BANDAGE PRODUCTS LLC,1
1993,"THERMAQUIL, INC.",1
1994,THEROMICS INC.,2
1995,THIOZEN INC.,1
1996,"THOMAS JEFFERSON FOUNDATION, INC.",1
1997,"TISSUEFORM, INC.",1
1998,TMT INTERNATIONAL OBSERVATORY LLC,1
1999,"TOWARD A BETTER HUMANITY, LLC",2
2000,"TRINE UNIVERSITY, INC",1
2001,"TRUSPIN NANOMATERIAL INNOVATION, INC.",1
2002,"Takase, Alberto",1
2003,Talladega College,1
2004,Tallahassee Community College,2
2005,Tarrant County College District,2
2006,"Teachers College, Columbia University",8
2007,Teachers Development Group,2
2008,Temple University,106
2009,Tempo Therapeutics,1
2010,"Tenenbaum, Debora",2
2011,Tennessee State University,30
2012,Tennessee Technological University,26
2013,Tennessee Wesleyan College,2
2014,Terra State Community College,1
2015,Texas A&M AgriLife Extension Service,1
2016,Texas A&M AgriLife Research,19
2017,Texas A&M Engineering Experiment Station,182
2018,Texas A&M International University,6
2019,Texas A&M Research Foundation,2
2020,Texas A&M University,226
2021,Texas A&M University - Central Texas,3
2022,Texas A&M University Corpus Christi,30
2023,Texas A&M University-Kingsville,12
2024,Texas A&M University-San Antonio,9
2025,Texas Christian University,8
2026,Texas College,2
2027,Texas Lutheran University,3
2028,Texas Southern University,13
2029,Texas State Technical College,1
2030,Texas State University - San Marcos,51
2031,Texas Tech University,106
2032,Texas Tech University Health Science Center,8
2033,Texas Wesleyan University,1
2034,Texas Woman's University,7
2035,The Chicago School of Professional Psychology,2
2036,The Children's Hospital of Philadelphia,1
2037,The College Board,1
2038,The College of Idaho,2
2039,The College of New Jersey,12
2040,The Forsyth Institute,1
2041,"The Geological Society of America, Inc.",5
2042,The Learning Partnership,3
2043,The Methodist Hospital Research Institute,2
2044,The National GEM Consortium,2
2045,The New School,2
2046,The New York City Foundation for Computer Science Education,4
2047,The Quilt,2
2048,The Research Institute at Nationwide Children's Hospital,4
2049,The Salk Institute for Biological Studies,4
2050,The Scripps Research Institute,6
2051,The Texas A&M University System HSC,8
2052,"The University Corporation, Northridge",55
2053,The University of Central Florida Board of Trustees,133
2054,The University of Louisiana at Monroe,2
2055,The University of Montana-Western,1
2056,"The University of Tennessee, Memphis - The Health Science Center",2
2057,The University of Texas Health Science Center at Houston,10
2058,The University of Texas Health Science Center at Tyler,1
2059,The University of Texas Rio Grande Valley,54
2060,"Thoma, Eric Michael",2
2061,Thomas Jefferson University,5
2062,Thurgood Marshall College Fund,2
2063,Tides Center,1
2064,Tidewater Community College,1
2065,"Tingle, Jessica",1
2066,"Tiptek, LLC",1
2067,Tohono O'odham Community College,1
2068,Tougaloo College,3
2069,Towson University,13
2070,Toyota Technological Institute at Chicago,7
2071,"Transaera, Inc.",1
2072,Tribal Nations Research Group,2
2073,Trident Technical College,2
2074,Trinity College,3
2075,Trinity University,12
2076,Troy University,1
2077,Truckee Meadows Community College,2
2078,Trustees of Boston University,198
2079,"Tsutsui, Martha Satoko",1
2080,Tufts University,95
2081,Tulane University,53
2082,"Tuninetti, Amaro",1
2083,Turtle Mountain Community College,4
2084,Tuskegee University,32
2085,Twin Cities Public Television,1
2086,U.S. Army Corps of Engineers,1
2087,"UBIQUITX, INC.",1
2088,UI LABS,1
2089,ULTROPIA CORP,1
2090,UNIGRID INC.,1
2091,UNITED STATES COAST GUARD ACADEMY SPONSORED PROGRAMS AND RESEARC,1
2092,UNIVERSITY OF ARKANSAS SYSTEM,1
2093,UNLAB LLC,1
2094,URL TO IRL INC.,2
2095,"US Ignite, Inc.",2
2096,USENIX Association,3
2097,Ulster County Community College,1
2098,"Unger, Ryan C",1
2099,Union College,14
2100,Union County College,1
2101,United States Air Force Academy,1
2102,United States Naval Academy,3
2103,United Tribes Technical College,10
2104,Universities Research Association Inc,2
2105,Universities Space Research Association,2
2106,University Corporation For Atmospheric Res,58
2107,University Corporation at Monterey Bay,10
2108,University Enterprises Corporation at CSUSB,18
2109,"University Enterprises, Incorporated",25
2110,University Industry Demonstration Partnership,2
2111,University of  Puget Sound,7
2112,University of Akron,27
2113,University of Alabama Tuscaloosa,150
2114,University of Alabama at Birmingham,46
2115,University of Alabama in Huntsville,39
2116,University of Alaska Anchorage Campus,30
2117,University of Alaska Fairbanks Campus,124
2118,University of Alaska Southeast Juneau Campus,6
2119,University of Arizona,276
2120,University of Arkansas,93
2121,University of Arkansas Agricultural Experiment Station,1
2122,University of Arkansas Little Rock,2
2123,University of Arkansas Medical Sciences Campus,4
2124,University of Arkansas at Pine Bluff,8
2125,University of Baltimore,1
2126,University of California - Merced,101
2127,"University of California, Office of the President, Oakland",3
2128,University of California-Berkeley,359
2129,University of California-Davis,303
2130,University of California-Irvine,299
2131,University of California-Los Angeles,358
2132,University of California-Riverside,242
2133,University of California-San Diego,343
2134,University of California-San Diego Scripps Inst of Oceanography,99
2135,University of California-San Francisco,34
2136,University of California-Santa Barbara,259
2137,University of California-Santa Cruz,165
2138,University of Central Arkansas,3
2139,University of Central Oklahoma,2
2140,University of Charleston,2
2141,University of Chicago,279
2142,University of Cincinnati Main Campus,108
2143,University of Colorado Boulder,503
2144,University of Colorado at Colorado Springs,18
2145,University of Colorado at Denver,27
2146,University of Colorado at Denver-Downtown Campus,24
2147,University of Connecticut,202
2148,University of Connecticut Health Center,3
2149,University of Dallas,1
2150,University of Dayton,27
2151,University of Delaware,194
2152,University of Denver,25
2153,University of Detroit Mercy,4
2154,University of Florida,349
2155,University of Georgia,6
2156,University of Georgia Research Foundation Inc,228
2157,University of Hawaii,188
2158,University of Houston,151
2159,University of Houston - Clear Lake,5
2160,University of Houston - Downtown,4
2161,University of Illinois at Chicago,163
2162,University of Illinois at Urbana-Champaign,463
2163,University of Iowa,104
2164,University of Kansas Center for Research Inc,143
2165,University of Kentucky Research Foundation,138
2166,University of La Verne,2
2167,University of Louisiana at Lafayette,29
2168,University of Louisville Research Foundation Inc,51
2169,University of Maine,81
2170,University of Maine Farmington,2
2171,University of Maine at Presque Isle,1
2172,University of Mary Washington,2
2173,University of Maryland Baltimore County,76
2174,University of Maryland Center for Environmental Sciences,15
2175,University of Maryland Eastern Shore,12
2176,University of Maryland at Baltimore,4
2177,"University of Maryland, College Park",349
2178,University of Massachusetts Amherst,244
2179,University of Massachusetts Boston,34
2180,University of Massachusetts Lowell,64
2181,University of Massachusetts Medical School,3
2182,"University of Massachusetts, Dartmouth",38
2183,University of Memphis,45
2184,University of Miami,105
2185,University of Minnesota Duluth,23
2186,University of Minnesota-Twin Cities,425
2187,University of Mississippi,48
2188,University of Mississippi Medical Center,2
2189,University of Missouri-Columbia,132
2190,University of Missouri-Kansas City,21
2191,University of Missouri-Saint Louis,10
2192,University of Montana,53
2193,University of Nebraska Medical Center,1
2194,University of Nebraska at Omaha,26
2195,University of Nebraska-Lincoln,209
2196,University of Nevada Las Vegas,58
2197,University of New England,2
2198,University of New Hampshire,81
2199,University of New Haven,9
2200,University of New Mexico,151
2201,University of New Mexico Health Sciences Center,3
2202,University of New Orleans,15
2203,University of North Alabama,2
2204,University of North Carolina General Administration Office,1
2205,University of North Carolina Greensboro,33
2206,University of North Carolina at Asheville,3
2207,University of North Carolina at Chapel Hill,194
2208,University of North Carolina at Charlotte,107
2209,University of North Carolina at Pembroke,2
2210,University of North Carolina at Wilmington,35
2211,University of North Dakota Main Campus,24
2212,University of North Florida,7
2213,University of North Georgia,2
2214,University of North Texas,83
2215,University of North Texas Health Science Center at Fort Worth,4
2216,University of Northern Colorado,7
2217,University of Northern Iowa,14
2218,University of Notre Dame,189
2219,University of Oklahoma Health Sciences Center,3
2220,University of Oklahoma Norman Campus,134
2221,University of Oregon Eugene,156
2222,University of Pennsylvania,213
2223,University of Pittsburgh,185
2224,University of Portland,5
2225,University of Rhode Island,116
2226,University of Richmond,10
2227,University of Rochester,126
2228,University of Saint Mary,1
2229,University of Saint Thomas,3
2230,University of San Diego,20
2231,University of San Francisco,4
2232,University of Scranton,7
2233,University of South Alabama,39
2234,University of South Carolina at Columbia,163
2235,University of South Dakota Main Campus,17
2236,University of South Florida,143
2237,University of Southern California,268
2238,University of Southern Indiana,2
2239,University of Southern Maine,7
2240,University of Southern Mississippi,28
2241,University of St. Thomas,11
2242,University of Tampa,3
2243,University of Tennessee Chattanooga,27
2244,University of Tennessee Institute of Agriculture,9
2245,University of Tennessee Knoxville,182
2246,University of Tennessee Martin,2
2247,University of Tennessee Space Institute,1
2248,University of Texas Health Science Center San Antonio,1
2249,University of Texas Medical Branch at Galveston,3
2250,University of Texas Southwestern Medical Center,16
2251,University of Texas at Arlington,111
2252,University of Texas at Austin,472
2253,University of Texas at Dallas,137
2254,University of Texas at El Paso,98
2255,University of Texas at San Antonio,77
2256,University of Texas at Tyler,4
2257,University of Texas of the Permian Basin,3
2258,"University of Texas, M.D. Anderson Cancer Center",8
2259,University of The Incarnate Word,1
2260,University of Toledo,28
2261,University of Tulsa,15
2262,University of Utah,274
2263,University of Vermont & State Agricultural College,62
2264,University of Virginia Main Campus,229
2265,University of Washington,512
2266,University of West Alabama,4
2267,University of West Florida,3
2268,University of West Georgia,3
2269,University of Wisconsin-Eau Claire,7
2270,University of Wisconsin-Green Bay,2
2271,University of Wisconsin-La Crosse,6
2272,University of Wisconsin-Madison,469
2273,University of Wisconsin-Milwaukee,35
2274,University of Wisconsin-Oshkosh,5
2275,University of Wisconsin-Parkside,2
2276,University of Wisconsin-Platteville,3
2277,University of Wisconsin-River Falls,9
2278,University of Wisconsin-Stevens Point,3
2279,University of Wisconsin-Stout,2
2280,University of Wisconsin-Superior,2
2281,University of Wyoming,83
2282,University of the District of Columbia,19
2283,University of the Pacific,9
2284,University of the South,2
2285,"Unzueta, Pablo Andres",1
2286,Urban Institute,2
2287,Urbanova,1
2288,Ursinus College,7
2289,Utah State University,77
2290,Utah Valley University,7
2291,Utica College,2
2292,VARIABLES MACHINES COMPANY,1
2293,"VCREATE, INC.",2
2294,VITRO3D INC.,1
2295,VIVIFI MEDICAL LLC,1
2296,"VOLEXION, INC.",2
2297,VOLTELA INC,1
2298,"VSORTS, INC",1
2299,VYTAL PLANT SCIENCE RESEARCH,1
2300,Valdosta State University,2
2301,Valencia Community College,3
2302,Valparaiso University,10
2303,Van Andel Research Institute,3
2304,"Van Etten, Julia",1
2305,"VandeBogert, Keller",1
2306,Vanderbilt University,141
2307,Vanderbilt University Medical Center,7
2308,Vassar College,12
2309,"Vasudevan, Sahana",1
2310,Vaughn College of Aeronautics and Technology,1
2311,"Vemulapalli, Sameera",1
2312,ViQi LLC,1
2313,Villanova University,49
2314,Virginia Commonwealth University,58
2315,Virginia Polytechnic Institute and State University,392
2316,Virginia State University,7
2317,Virginia Union University,5
2318,Virginia Wesleyan University,2
2319,Virginia Western Community College,1
2320,Voorhees College,1
2321,W E Upjohn Institute for Employment Research,1
2322,W1FB US MILITARY ACADEMY,1
2323,WAIHOME LLC,1
2324,WATERUS LLC,1
2325,"WAVE LOGIX, INC.",2
2326,"WAVERLEY CREATIONS, INC.",1
2327,WESTERN WYOMING COMMUNITY COLLEGE DISTRICT,1
2328,WESTMINSTER UNIVERSITY,1
2329,"WETX, INC.",2
2330,WGBH Educational Foundation,8
2331,WHITE DWARF RESEARCH CORP,1
2332,WILD MICROBES CO,1
2333,WILO NETWORKS INC.,2
2334,"WINDWARD ENGINEERING, L.C.",2
2335,WINTER INNOVATIONS INC.,1
2336,WNET,2
2337,WORD OF MOUTH TECHNOLOGIES INC.,1
2338,"WUI-GO, LLC",1
2339,Wabash College,1
2340,"Wagner, Nathan A",1
2341,Wake Forest University,20
2342,Wake Forest University School of Medicine,6
2343,Wake Technical Community College,6
2344,"Wang, Danielle Yutian",2
2345,"Wang, Joshua Xu",2
2346,Warren Wilson College,1
2347,Washburn University of Topeka,1
2348,Washington College,1
2349,Washington State University,129
2350,Washington University,198
2351,Washington and Lee University,2
2352,"Waterman, Tyler Steven",1
2353,Waubonsee Community College,2
2354,Wayland Baptist College,1
2355,Wayne State University,76
2356,Weber State University,6
2357,Webster University,1
2358,"Weiler, Morgan",1
2359,"Weinreich, Max H",2
2360,"Weisman, Theodore",2
2361,Wellesley College,8
2362,Wepan Inc,2
2363,Wesleyan University,16
2364,West Chester University of Pennsylvania,11
2365,West Hills Community College,2
2366,West Texas A&M University,9
2367,West Virginia University Research Corporation,106
2368,WestEd,9
2369,Westat Inc,1
2370,Western Carolina University,3
2371,Western Colorado University,1
2372,Western Illinois University,1
2373,Western Kentucky University,6
2374,Western Michigan University,35
2375,Western New England University,3
2376,Western Oregon University,1
2377,Western University of Health Sciences,3
2378,Western Washington University,62
2379,Westfield State College,5
2380,Westmont College,2
2381,"Westwood, Mary Lynn",1
2382,Whatcom Community College,2
2383,Wheaton College,1
2384,Whitehead Institute for Biomedical Research,1
2385,Whitman College,5
2386,Whitworth University,3
2387,WiSys Technology Foundation Inc,1
2388,Wichita State University,18
2389,Widener University,2
2390,"Wijewardena, Niyomi",2
2391,"Wilber, Heather Denise",1
2392,Wilkes University,2
2393,Willamette University,6
2394,William Marsh Rice University,190
2395,William Paterson University,5
2396,William Rainey Harper College,1
2397,Williams College,29
2398,"Williamson, Jessie L",1
2399,"Willoughby, Andrew C",1
2400,"Wilson, Jacob Dean",2
2401,"Wilson, Stephanie J",1
2402,Winona State University,8
2403,Winston-Salem State University,16
2404,Winthrop University,7
2405,Wisconsin Lutheran College,1
2406,Wistar Institute,3
2407,Wittenberg University,3
2408,"Wolfram, Catherine Cawley",1
2409,Woods Hole Oceanographic Institution,192
2410,"Woodwell Climate Research Center, Inc.",12
2411,"Woolley, Charles Henrik",1
2412,Wor-Wic Community College,1
2413,Worcester Polytechnic Institute,86
2414,Worcester State University,4
2415,"Wrensford, Kwasi C",2
2416,Wright State University,4
2417,"Wright, Esteban",2
2418,"Wu, Jane H",1
2419,"Wylie, Jordan",1
2420,X-COR THERAPEUTICS INC,1
2421,"XL BATTERIES, INC",1
2422,XMIZE LLC,1
2423,XONA SPACE SYSTEMS INC.,2
2424,Xavier University,1
2425,Xavier University of Louisiana,14
2426,"Xiong, Tianzhu",1
2427,"YANK TECHNOLOGIES, INC.",2
2428,"YEBOAH, AMY",1
2429,"YERBA BUENA VR, INC.",1
2430,"YEUNG, Matthew",2
2431,Yakima Valley Community College,2
2432,Yale University,192
2433,"Yang, David H",1
2434,"Yap-Chiongco, Meghan K",1
2435,Yeshiva University,5
2436,"Young People's Project, Inc.",2
2437,"Young, Giorgio",1
2438,Youngstown State University,11
2439,Yukon River Inter-Tribal Watershed Council,1
2440,"Z-POLYMERS, LLC",1
2441,ZEALOUS RESEARCH LLC,2
2442,ZEBRAMD INC.,1
2443,ZENOLEAP LLC,2
2444,ZIKER ENTERPRISES LLC,2
2445,Zane State College,1
2446,"ZeoVation, Inc.",1
2447,"Zhang, Marianna",2
2448,"Zhang, Robin",1
2449,"Zubrilina, Nina",1
2450,"deGraffenried, Rebecca",2
2451,eSens LLC,2
2452,"martinez, vladimir A",1
