awardeeName,count_total,total_obligated_funds
"123 SEE, INC.",1,1000000
18F GSA,1,250000
"2KR SYSTEMS, LLC",2,2000000
"37DEGREES, INC.",1,295000
"4-D AVIONIC SYSTEMS, LLC",1,999919
"ACADEMIC WEB PAGES, INC.",1,286418
"ACTIVATE GLOBAL, INC.",1,24000000
ADAPTIVE WAVES INC.,2,1997884
ADAVANCE NANOLYTICS INC,1,275000
ADVANCED CARPET RECYCLING LLC,1,275000
"AERHART, LLC",2,549998
"AERIS WATER TECHNOLOGIES, LLC",1,304996
"AEROSHIELD MATERIALS, INC.",2,2999998
AI POW LLC,1,1000000
AI-NEOTECH LLC,1,275000
"AIDAR HEALTH, INC",1,1000000
AIKIDO TECHNOLOGIES INC,1,275000
"AIR COMPANY HOLDINGS, INC.",1,1497742
"AKORN TECHNOLOGY, INC.",1,1582069
"AKTTYVA THERAPEUTICS, INC.",2,1999756
ALAMO COMMUNITY COLLEGE DISTRICT - St. Philip's College,1,1249995
ALASKA CONSERVATION FOUNDATION,2,440198
"ALERJE, INC.",1,1199997
"ALVA HEALTH, INC.",2,3000000
"AMBOTS, INC.",1,1699571
AMHYTECH LLC,1,274127
"AMPHIX BIO, INC.",1,1000000
"ANEURISK, INC.",1,275000
"ANOVA BIOMEDICAL, INC.",1,274811
ANTELOPE VALLEY UNION HIGH SCHOOL DISTRICT,2,340666
ANVIL DIAGNOSTICS INC.,1,298646
"APOGEE SEMICONDUCTOR, INC.",1,999561
APPLIED SCIENCE & TECHNOLOGY ORGANIZATION OF AMERICA CORP,1,999996
"AQUAGGA, INC.",1,1495270
"AQUAVEO, LLC",1,1456017
ARCLET LLC,1,274920
ARED LLC,2,550000
ARTEMIS INTELLIGENCE LLC,1,1168047
ARTIMUS ROBOTICS INC,1,955030
ASANTE BIO LLC,1,979298
"ASPERO MEDICAL, INC.",1,1499934
"ASTROLABE ANALYTICS, INC.",1,1197313
ATHEM L.L.C.,2,1999996
ATLAS AI P.B.C.,1,1473684
"ATMOSPHERIC & SPACE TECHNOLOGY RESEARCH ASSOCIATES, L.L.C.",4,1555540
ATOM BIOWORKS INC,1,998507
ATRILITY MEDICAL LLC,1,275000
"AUDIOT, INC.",2,590000
"AUGUSTA UNIVERSITY RESEARCH INSTITUTE, INC.",13,5668536
AUXILIUM HEALTH INC,2,550000
"AVANPORE, LLC",1,275000
"AVICENATECH, CORP.",1,1486279
Aaniiih Nakoda College,6,6404202
"Abdelrahman, Mustafa Kamal",2,600000
"Abrishami, Tara",1,190000
Academy of Natural Sciences Philadelphia,7,1795287
"Accelerate Wind, Inc.",2,3462546
Adams State University,3,3617304
Adelphi University,5,4621636
"Adhikari, Arka",1,150000
Adler Planetarium,1,276648
"Advanced Cooling Technologies, Inc.",1,200000
Aerodyne Research Inc,2,241962
Aerospace Corporation,6,2542162
Afsartech Inc.,2,549734
Agnes Scott College,5,2124994
"Agrawal, Devanshu",1,150000
"AgroSpheres, Inc.",2,2996150
"Agwamba, Kennedy",2,480000
Air Force Institute of Tech,4,630765
"Ajala, Rasheed",1,180000
"Akanocure Pharmaceuticals, Inc.",2,2000000
"Akopyan, Maria",2,480000
"Alaasam, Valentina",1,240000
Alabama A&M University,30,19491977
Alabama State University,15,6715259
Alamo Community College District Northeast Lakeview College,2,189606
Alaska Native Tribal Health Consortium,1,199991
Alaska Pacific University,3,3283382
Albany College of Pharmacy,2,799868
Albany State University,10,11254952
Albert Einstein College of Medicine,2,318000
Albion College,1,399628
"Albright, John A",1,180000
"Alchemie Solutions, Inc.",1,1199623
Alcorn State University,1,337011
Alfred University,5,1530762
Algebra Project Inc,1,1072633
Allan Hancock College,1,1499686
Allegheny College,1,139073
Allen Institute,2,977450
"Allen, Matthew L",1,180000
"Allen, Raymond Lance",1,240000
Alma College,1,203119
"Alvear, Oscar Enrique",1,133751
Alvernia University,2,800000
"Alweiss, Ryan",1,190000
Amarillo College,1,240392
American Association for the Advancement of Science,11,92902327
American Association of Community Colleges,3,17478067
American Association of Physics Teachers,4,4503207
American Astronomical Society,1,374671
American Bar Foundation,4,895672
American Chemical Society (ACS),1,2355774
American Educational Research Association,2,6447001
American Geological Institute,2,978610
American Geophysical Union,2,2071282
American Indian Higher Education Consortium,4,1525147
American Indian Science and Engineering Society (AISES),5,6632960
American Institute of Chemical Engineers,7,268905
American Institute of Mathematics,3,17507170
American Institutes for Research in the Behavioral Sciences,16,17579020
American Mathematical Association of Two-Year College,1,1859883
American Mathematical Society,3,834812
American Meteorological Society,4,997926
American Modeling Teachers Association,2,1375922
American Museum Natural History,35,22566007
American Physical Society,8,12858591
American Political Science Association,1,1417972
American Society For Cell Biology,2,3069210
American Society For Engineering Education,11,21979761
American Society of Plant Biologists,4,4397379
American Sociological Assoc,1,1999502
American Statistical Association,1,1500000
American University,21,25959188
American University of Beirut,2,60000
Amherst College,18,5036400
"Amplified Sciences, LLC",1,274750
Anderson University,1,400000
"Anderson, Amy Susan",1,160000
Andluca Technologies Inc.,1,1494396
Andrews University,3,1510447
Angelo State University,3,3399420
Anne Arundel Community College,2,1200000
Antelope Valley College,1,173866
"Antonson, Nicholas Dolan",1,240000
"Apigo, Austen",1,138000
Appalachian College Association,1,921168
Appalachian State University,21,10346015
Applied Computer Security Associates,1,23057
Arapahoe Community College,2,599996
Arcadia University,1,2031108
Archaeology Southwest,2,1127538
"Archbold Expeditions, Inc.",1,29069
Arctic Research Consortium of the U.S.,1,9211494
Arieca Inc.,1,1030434
Arizona State University,462,362737678
Arkansas Childrens Hospital Research Institute,1,264424
Arkansas Science & Technology Authority,2,40000000
Arkansas State University Main Campus,4,2075319
Arkansas Tech University,1,400000
"Arrowsmith, Kathleen Caroline",1,240000
Ascribe Bioscience Inc.,1,1399007
"Ashley, Caleb J",1,300000
Aspen Center For Physics,1,2190625
Aspen Global Change Institute,2,177912
"Associated Universities, Inc.",16,908514349
Association For Symbolic Logic,1,40000
"Association for Women in Mathematics, Inc.",1,1500069
Association of American Colleges and Universities,4,9212997
Association of American Geographers,1,912722
Association of Children's Museums,2,2782534
Association of Public and Land-Grant Universities,4,8358562
Association of Science-Technology Centers,1,74788
"Association of Universities for Research in Astronomy, Inc.",12,499806777
Atlanta Botanical Garden,3,4157821
Atlantic Cape Community College,1,551818
Atmospheric and Environmental Research Inc,1,345667
Auburn University,138,81016358
Auburn University at Montgomery,6,1420371
Augsburg University,8,4945571
Augustana College,3,2731360
Augustana University Association,4,1813940
"Augustine, Jonah",1,165000
Aurora University,1,1449994
Austin Community College,5,16826121
Austin Peay State University,5,1668278
"Avery, Montie S",2,300000
Avila University,1,321123
"Avisi Technologies, Inc",2,3000000
Azusa Pacific University,1,199991
BALLYDEL TECHNOLOGIES INC.,1,951394
"BASS AGRITECH, INC",1,269642
BAY AREA BIOSCIENCE EDUCATION COMMUNITY,1,315445
"BEAMLINK, INC.",1,1390633
BEEKEEPING 101 LLC,2,548000
BENJAMIN FRANKLIN CUMMINGS INSTITUTE OF TECHNOLOGY,4,2648512
BERKM INC,1,274424
"BEYOND SILICON, INC.",2,549998
BEYOND THE DOME INC,2,1999514
"BIOCHIP LABS, INC.",1,1085488
BIOCOGNON LLC,1,273550
BIODESIGN CHALLENGE INC,1,45241
BIODIVERSITY OUTREACH NETWORK,1,300000
BIODYNAMIK,1,295000
BIOINDUSTRIAL MANUFACTURING AND DESIGN ECOSYSTEM,2,3060430
"BIOLATTICE, LLC",1,274416
"BIOMESENSE, INC.",1,1172080
"BIRCH BIOSCIENCES, LLC",1,1000000
BIRED IMAGING INC,1,305000
BLACKHAWK TECHNICAL COLLEGE DISTRICT,1,345365
BLUESTEM BIOSCIENCES INC,1,273910
BOARD OF TRUSTEES OF COMMUNITY COLLEGE DISTRICT #508,2,399992
"BRAINSTORM THERAPEUTICS, INC.",1,275000
BRIDGEVALLEY COMMUNITY & TECHNICAL COLLEGE,2,315482
BRIDGEWATER STATE UNIVERSITY,5,7011031
"BRIGHTLIGHT PHOTONICS, INC",2,550000
BSCS Science Learning,2,4749845
"Bailey, Virginia",1,300000
Bakersfield College,1,199704
Baldwin Wallace University,2,0
Ball State University,8,2326111
Bank Street College of Education,2,2234806
Bard College,3,473633
Barnard College,30,14162697
"Barnes, Julia Gabrielle",1,170000
Bates College,5,869009
Baton Rouge Community College,2,1721630
Battelle Memorial Institute,8,588444437
BattelleEd.org,1,89975
Bay Area Environmental Research Institute,3,749217
Baylor College of Medicine,9,19622748
Baylor University,58,20796459
"Beckey, Jacob Lucas",1,190000
Beckman Research Institute City of Hope,1,50000
Bellarmine University,1,988470
Bellevue College,3,2970025
Bemidji State University,4,5574500
Benedict College,4,1592549
Benedictine University,2,544307
Bennington College,1,988237
Bentley University,1,676239
Berea College,3,763910
Berkeley Geochronology Center,6,2305319
"Bernal, Jacob J",1,300000
Bernice P Bishop Museum,3,697907
"Bernstein, Justin Matthew",2,276000
Berry College,4,715320
Beth Israel Deaconess Medical Center,3,2100000
"Bethea, Candace",1,300000
Bethel University,1,243478
Bethune-Cookman University,4,2312326
Bigelow Laboratory for Ocean Sciences,12,10005143
"BioQUEST Curriculum Consortium, Inc",1,533361
"Birch, Sydney",2,480000
Black Hills State University,5,5913386
Bloomfield College,1,199989
"Blum, Mirella L",1,160000
"Blunt, Sarah",2,660000
"Board of Regents, NSHE, obo University of Nevada, Reno",126,72624031
Board of Trustees of Illinois State University,23,8646367
"Bodish, Elijah S",1,150000
Boise State University,91,57507434
"Bolin, Lana Gayle",1,138000
"Boninger, Joseph",1,150000
"Borbee, Erin M",2,276000
"Bornbusch, Sarah Lyons",1,138000
Boston College,63,36215507
Botanical Research Institute of Texas,6,4488956
Botanical Society of America,1,3886870
"Bou-Rabee, Ahmed",1,150000
Bowdoin College,8,3588148
"Bowes, Shauna Marie",1,160000
Bowie State University,19,8402397
Bowling Green State University,16,6619494
Boyce Thompson Institute Plant Research,14,11058551
Bradley University,4,5116018
"Bradley, Noah Patrick",1,240000
Brandeis University,32,50872470
"Brauer, Daniel D",1,300000
"Brauer, Kaley",1,330000
"Brauner, Sarah",1,190000
Bridgerland Applied Technology College,2,1125484
Brigham & Women's Hospital Inc,6,4357604
Brigham Young University,55,35959889
"Brittain, Rebecca Shae Anna",1,165000
"Broad Institute, Inc.",1,669810
Brookdale Community College,3,1843990
Brookings Institution,3,1240752
Broward College,4,2208042
Brown University,182,98444366
"Brown, Jennifer Marie",1,150000
"Brown, Jordan",1,240000
"Brown, Matthew C",1,202000
"Bruno, Sarah Marie Michelle",1,310000
Bryant University,1,649727
Bryn Mawr College,9,8344800
Bucknell University,20,5317776
Bureau of the Census,1,12028564
"Burke, Colin Jacob",2,660000
"Burkhardt, Paula Elisabeth",1,150000
"Busch, Michael Peter",1,320000
Butler University,3,541695
"Butler, Kristina",1,174000
"Butt, Karen",1,190000
CAL POLY HUMBOLDT SPONSORED PROGRAMS FOUNDATION,20,6821556
CANISIUS UNIVERSITY OF BUFFALO NEW YORK,1,350000
"CANOMIKS, INC.",1,998064
CANOPII INC.,1,1699914
"CARAVEL BIO, INC.",1,275000
CARBIDE RADIO INC,2,550000
"CARTESIAN SYSTEMS, INC.",1,1699528
"CAST, Inc.",6,3302999
CATALYST COOPERATIVE,1,319873
CE-RI-SS MATERIALS LLC,1,274919
CELLCHORUS INC.,1,274988
CELLUDOT LLC,1,1151411
CENSYN INC,1,274970
"CENTER ON RURAL INNOVATION, INC",1,300000
CHANGEAERIAL LLC,2,549454
CHIBITRONICS INC.,1,1189688
CHITOVATE LLC,1,274956
CHOSEN DIAGNOSTICS INC,1,999749
CHUGACH REGIONAL RESOURCES COMMISSION,1,98065
"CIRCLEIN, INC.",1,1126190
"CIRCULARITY FUELS, INC.",2,550000
"CISTERNA BIOLOGICS, INC.",2,549960
"CLARIA MEDICAL, INC.",2,2000000
CLUE GENETICS INC.,1,275000
COBIO DIAGNOSTICS INC.,1,984381
"COHERENT PHOTONICS, LIMITED LIABILITY COMPANY",1,305000
COLLAMEDIX INC.,1,1503918
COLLEGE OF MUSCOGEE NATION,1,349913
COMMONWEALTH UNIVERSITY OF PENNSYLVANIA,3,3300000
"COMMUNITY & TECHNICAL COLLEGES, WASHINGTION STATE BOARD FOR",1,1995589
COMON SOLUTIONS LLC,2,2399800
COMPACT MEDICAL SOLUTIONS LLC,1,999931
COMPTON COLLEGE,2,599998
"COMPUTER SCIENCE TEACHERS ASSOCIATION, LLC.",4,4195601
CONCHA INC.,2,2993446
"CONNECT DYNAMICS, INC.",1,998234
"CONOVATE, INC.",1,1500000
CORD,1,2748060
"COSMIC EATS, INC.",2,589770
CREATIVE BIOTHERAPEUTICS LLC,1,1427000
CROOKES RESEARCH LLC,1,1199999
"CROSSLINK COMPOSITES, INC.",1,1585582
"CRYPTYX BIOSCIENCE, INC.",1,999109
CSU Fullerton Auxiliary Services Corporation,32,8233020
CSUB Auxiliary for Sponsored Programs Administration,7,3819422
CUNY Baruch College,11,2810625
CUNY Borough of Manhattan Community College,6,8224782
CUNY Bronx Community College,3,10269804
CUNY Brooklyn College,15,3917588
CUNY City College,58,44491775
CUNY College of Staten Island,14,4988293
CUNY Graduate School University Center,6,659804
CUNY Hostos Community College,7,8002046
CUNY Hunter College,28,15003286
CUNY John Jay College of Criminal Justice,10,2647702
CUNY Medgar Evers College,2,511044
CUNY New York City College of Technology,10,4761019
CUNY Queens College,28,15489399
CUNY Queensborough Community College,4,1700073
CUNY York College,2,731266
"Cal Poly Pomona Foundation, Inc.",23,14439687
"Calabrese, Gina",1,207000
"Calderon, Aaron",1,150000
Caldwell University Inc,1,696499
California Academy of Sciences,8,2605010
California Association for Research in Astronomy,4,9858111
California Baptist University,1,500000
California Institute of Technology,141,115764336
California Lutheran University,1,55836
California Maritime Academy,1,151880
California Polytechnic State University Foundation,53,23298276
California State L A University Auxiliary Services Inc.,23,9076893
California State University Channel Islands,4,1456833
California State University San Marcos Corporation,17,9884872
"California State University, East Bay Foundation, Inc.",12,15365230
"California State University, Trustees",2,193624
California State University-Dominguez Hills Foundation,19,8573671
California State University-Fresno Foundation,14,6845617
California State University-Long Beach Foundation,39,15734210
California State University-Sacramento,1,201000
California State University-Stanislaus,1,249874
Calvin University,3,288155
"Camerad Technologies, LLC",2,1519884
Campbell University,4,1468963
Canada-France-Hawaii Telescope Corporation,1,433564
Cankdeska Cikana Community College,2,4942394
"Cannizzo, Catherine Kendall Asaro",2,600000
"Capano, John",1,0
"Capovilla-Searle, Orsola",1,150000
Carleton College,30,13527497
"Carmichael, Theron W",2,600000
"Carmo, Olivia Maria Silva",1,249000
Carnegie Institute,1,1254205
Carnegie Institution of Washington,23,13464703
Carnegie-Mellon University,339,326179559
"Carrera, Sofia",1,165000
"Carrick, Christian",1,190000
Carroll College,2,619274
Carthage College,4,842914
"Cary Institute of Ecosystem Studies, Inc.",19,17891003
Case Western Reserve University,89,51319870
Catholic University of America,21,11984932
"Cecchini, Gabriel George",2,600000
Cedars-Sinai Medical Center,1,934850
"Cellini, Benjamin",1,240000
Center for Open Science,3,2797774
Central Community College,1,647594
Central Connecticut State University,3,2288100
Central Lakes College,1,648668
Central Michigan University,20,6453153
Central New Mexico Community College,1,1039185
Central State University,16,5398672
Central Virginia Community College,1,464846
Central Washington University,11,2386905
Central Wyoming College,1,349804
Centre College of Kentucky,1,260000
Chabot College,2,998336
"Chaidez, Julian Cruz",1,150000
Chaminade University of Honolulu,3,12527116
Champlain College Incorporated,1,399995
"Chaney, Carlye",2,320000
Changing Expectations Corp,1,1616024
Chapman University,14,3401331
"Chappell, Callie Rodgers",1,240000
Charmtech Labs LLC,2,2530044
"Chase, Danielle Lee",2,480000
Chatham College,5,1540224
Chemeketa Community College,1,199994
"Chen, Nathan",1,150000
"Chen, Sitan",1,150000
Chesapeake College,1,317035
Chicago Children's Museum,1,787042
Chicago Horticultural Society,2,1552505
Chicago State University,13,11151419
Chicago Zoological Society,2,475510
Chico State Enterprises,17,3230841
Chief Dull Knife Memorial College,1,4200000
Child Trends Inc,1,2082668
Children's Hospital Corporation,5,3254525
Children's Hospital Los Angeles,1,600000
Children's Research Institute,2,100000
Chippewa Valley Technical College,3,1887868
Christopher Newport University,12,4497973
"Ciesla, Jessica H",1,240000
Citadel Military College of South Carolina,8,7465574
Citrus Community College District,1,749983
City Colleges of Chicago Harold Washington College,2,2000000
City Colleges of Chicago Harry S Truman College,3,1549415
Claflin University,4,1676563
Clairways LLC,2,3398270
Claremont Graduate University,2,690957
Claremont McKenna College,7,3091948
Clark Atlanta University,18,25227915
Clark University,17,7737211
"Clark, Meaghan I",1,240000
Clarkson University,29,12557333
Clayton College and State University,2,262144
Clemson University,148,94700713
Cleveland Clinic Foundation,1,289962
Cleveland State Community College,1,298289
Cleveland State University,21,11854978
Clover Park Technical College,1,295285
Coastal Carolina University,6,2415806
Coastal and Estuarine Research Federation,1,1736883
Code for Science and Society Inc,1,299474
CodeVA,5,8980841
Coe College,2,1064737
Coker College,1,1349732
Colby College,8,3158268
Cold Spring Harbor Laboratory,11,17835579
Colgate University,19,5655240
College of Alameda,1,399047
College of Central Florida,2,1287196
College of Charleston,20,5838381
College of Lake County,2,1993696
College of Our Lady of the Elms,1,1500000
College of Saint Benedict,1,89562
College of Saint Mary,1,1505943
College of Saint Scholastica,1,41694
College of Southern Maryland,2,600000
College of Southern Nevada,3,968330
College of William & Mary Richard Bland College,2,800000
College of William & Mary Virginia Institute of Marine Science,11,7335865
College of William and Mary,66,25145630
College of Wooster,5,1811146
College of the Canyons,4,2292708
College of the Holy Cross,6,2528799
College of the Menominee Nation,2,399998
Collin County Community College,2,893704
Colorado College,9,2356439
Colorado Mesa University,1,60971
Colorado School of Mines,111,81772495
Colorado State University,227,124792340
Colorado State University-Pueblo,8,3297174
Columbia Basin College,1,200000
Columbia State Community College,1,349736
Columbia University,369,299578569
Columbus State Community College,5,13262014
Columbus State University,3,7181913
"Comerford, Mattheau S",1,240000
Community College of Aurora,1,995631
Community College of Philadelphia,3,1546474
Computational Physics Inc,3,1334068
Computing Research Association,9,134349905
Concord Consortium,16,23823632
Concord University,5,2259037
Concordia College at Moorhead,3,4900000
"Conley, Sarah A",1,178242
Connecticut College,2,455917
Consortium of Universities for the Advancement of Hydrologic Sci,3,35613766
Contra Costa Community College District,1,545733
Cooper Union,1,52394
Coppin State University,5,687446
"Coreas, Roxana",1,240000
Cornell University,383,490222026
Corning Community College,2,996275
Corporation for Education Network Initiatives in California,1,4870829
"Corsa, Brianna Durelle",1,180000
"Corsha, Inc.",2,1989134
"Cortes, Jorge Ivan",2,600000
Cossatot Technical College,1,195900
"Cotner, Sean",2,380000
Council of Graduate Schools,7,15061737
Council of Independent Colleges,2,367692
"Couper, Lisa",1,240000
"Creedon, Ryan Patrick",1,190000
Creighton University,8,2320519
"Crocker, Daniel",1,202000
Crow Canyon Archaeological Center,1,362810
Cuesta College,2,600000
"Culha, Cansu",2,360000
"Cunningham, William Streit",1,200000
"Curran, Joseph B",1,160000
Curry College,2,783092
Cuyahoga Community College,1,330612
D'Youville College,1,748250
DARCY SOLUTIONS INC.,1,1495074
DASION CORPORATION,1,999988
DATA ELEVATE LLC,1,1775385
DAYZERO WATER LLC,1,304950
"DEBATER HUB, LLC",2,590000
DEEPBITS TECHNOLOGY LLC,1,273383
DEEPSEQAI LLC,1,274797
"DEFINED BIOSCIENCE, INC.",1,294995
DELAQUA PHARMACEUTICALS INC,1,275000
"DELAWARE MUSEUM OF NATURE AND SCIENCE, INC.",1,491014
DENCODA LLC,1,274990
DIAMOND AGE TECHNOLOGY LLC,1,1005757
"DIFFRACT TECHNOLOGY, INC.",1,1000000
"DIGITAL BAZAAR, INC.",1,499696
DINYA DNA LLC,1,275000
DMAG USA LLC,1,275000
DOANE UNIVERSITY,3,2300000
"DUET BIOSYSTEMS, INC",1,284736
"DYNOCARDIA, INC.",1,999553
"Dahlin, Kyle Joseph-Marley",1,300000
Dakota College at Bottineau,1,349159
Dakota State University,4,7355207
"Dalal, Rahul",2,300000
Dallas College,1,640677
Dana-Farber Cancer Institute,1,350000
Dartmouth College,105,73971875
Data & Society Research Institute,2,600000
Davenport University,1,647527
David Lipscomb University,2,399962
"David, Kyle T",1,240000
Davidson College,11,3392322
"Davis, Julie",1,240000
"De Furio, Matthew",1,330000
DePaul University,12,6655816
"DeSimone, Joely",1,240000
"DeTar, Rachael Ann",1,192500
"Deem, Kevin D",1,240000
"Defant, Colin",1,150000
Del Mar College,1,394859
Delaware State University,20,13218683
Delaware Valley University,1,748577
Denison University,4,1537808
Denver Museum of Nature and Science,1,18156
Department of Defense,1,262986928
Department of the Navy Naval Sea Systems Command,1,840000
Des Moines Area Community College,2,700000
"DesJardins, Nicole S",1,240000
Desert Botanical Garden,3,1684768
"Devadas, Sheela",1,150000
Development Gateway,1,1124598
"Dhillon, Gurbir S",1,150000
Dickinson College,6,1463231
Digital Harbor Foundation,1,1274308
Digital Promise Global,10,11958142
Dillard University,4,1929392
Dine College,3,600000
"Ding, David",2,498000
"Dinkins, Hunter G",1,190000
District of Columbia Public Schools,1,312300
"Domat, George",1,190000
Dominican University,4,1456822
Dona Ana Branch Community College,1,500000
Donald Danforth Plant Science Center,27,47783974
"Dordt University, Incorporated",6,2891698
"Dowdell, Katherine",1,173332
Drake University,4,988513
Drexel University,92,58626141
"Drone Amplified, Inc.",1,1459606
"Duff, Timothy",1,150000
Duke University,229,250356891
Duquesne University,5,2255751
Durham Technical Community College,1,288951
EARTH IMAGES FOUNDATION,1,299920
EARTHEN CARBON LLC,1,274390
EARTHEN INC.,2,549446
EARTHSCOPE CONSORTIUM INC.,9,2735345
EARTHSHOT Labs PBC,1,897042
"EASCRA BIOTECH, INC.",1,274990
EAST TEXAS A&M UNIVERSITY,9,7421211
"EASTIE FARM, INC.",2,2000000
ECATE LLC,1,274976
ECHOICS,1,275000
"ECLIPSE ENTEROGENESIS, INC.",2,2940716
EDNA INC.,2,550000
"ELATEQ, INC.",2,1999206
ELITE NEURO INC,2,610000
"ELLISON INSTITUTE, LLC",2,1537428
"EMERALD TUTU INC, THE",1,997503
EMODE PHOTONIX LLC,2,610000
"EMPALLO, INC.",1,275000
"EMPIRI, INC.",1,274930
"EMTRUTH, INC.",1,1007658
"EMVOLON, INC.",1,1500000
ENCOORD INC,1,274375
ENCORE CO2 LLC,2,550000
"ENVISION ENDOSCOPY, INC.",1,1499952
ENVISION HEALTH TECHNOLOGIES INC,1,275000
ENVIVO BIO INC,2,3332646
"EPIDAURUS HEALTH, INC.",2,2000000
"EPIImaging, LLC",1,1015407
ETR Associates,1,1299488
"EUGIT THERAPEUTICS, INC.",1,275000
"EVOLVE GENOMIX, INC.",1,270128
EXOPOWER INC.,1,251522
"EYEDEA MEDICAL, INC",1,1000000
"EYSZ, INC.",1,1197153
"Earl, Alexis D",2,480000
Earlham College,1,747247
"Earth Mapping International, Inc.",1,294979
East Carolina University,30,15445851
East Central University,3,425462
East Stroudsburg University of Pennsylvania,1,4982181
East Tennessee State University,1,958190
Eastern Illinois University,1,250000
Eastern Kentucky University,4,1687523
Eastern Mennonite University,2,2976056
Eastern Michigan University,5,1350802
Eastern New Mexico University Main Campus,3,877249
Eastern Oregon University,1,356874
Eastern Washington University,5,1943221
Eckerd College,4,1397362
EcoAdapt,1,1191428
Ecological Society of America,3,3186458
Edgecombe Community College,2,612472
Edmonds Community College,1,500000
Ednovo,1,499898
Education Connection,8,16903303
Education Development Center,14,23766419
Educational Testing Service,4,4498250
Edward Waters College,1,179999
"Edwards, Joseph",2,480000
"Edwards, Julie",1,202000
El Camino College,2,1193908
El Paso County Community College,1,349990
Elizabeth City State University,8,7793516
Elizabethtown College,3,1768206
"Elliott Smith, Rosemary",1,190000
"Ellison, Erika",1,249000
Elmhurst University,3,2747349
Elon University,1,312098
Emagine Solutions Technology,1,1176040
Embry-Riddle Aeronautical University,44,17433703
Emerson College,1,70194
Emmanuel College,3,878754
Emory University,83,54140902
"Endangered Language Fund, Inc.",3,332863
Erie Community College,1,649647
"Evans, Taylor C",2,480000
Everett Community College,2,1889428
Evergreen State College,1,161427
Evergreen Valley College,1,749844
Exploratorium,3,8002428
FEATHER RIVER COMMUNITY COLLEGE DISTRICT,2,1500000
"FEMTOSENSELABS, LLC",1,274786
"FIGURE 8, INC.",2,589844
"FINIKS FORGE, INC.",2,550000
FIRELINE SCIENCE LLC,2,2033566
"FLEX ORTHOPAEDICS, INC.",1,274997
"FLO MATERIALS, INC.",1,275000
"FLORIDA ASSOCIATION FOR NANOBIOTECHNOLOGY, INC",1,10000
"FORAGR MEDICINES, INC",1,275000
FORCHUN LLC,1,294958
"FORSEE, LLC",1,295000
FOURIER LLC,2,590000
FPF Education and Innovation Foundation,2,980266
FRED HUTCHINSON CANCER CENTER,1,120511
"FREYYA, INC.",1,275000
FRINGE METROLOGY LLC,1,274769
FRONTLINE BIOTECHNOLOGIES INC.,2,2389438
"FROSTDEFENSE ENVIROTECH, INC.",1,995228
"FUM TECHNOLOGIES, INC",1,275000
FUTURE EARTH,3,5205632
"Fairbanks, Dawson E",1,180000
Fairfield University,7,1648715
Fairleigh Dickinson University,4,2179987
Fairmont State University,1,2486937
Farallon Institute for Advanced Ecosystem Research,2,972486
"Farleigh, Keaka",1,240000
"Farrar, Victoria S",1,240000
Fayetteville State University,16,8596245
Federation of Amer Societies For Exper Biology,1,16000
Federation of American Scientists,1,322000
"Felician University, A New Jersey Nonprofit Corporation",3,1533682
Ferris State University (Inc.),5,1445888
"Fetrow, Anne C",1,180000
"Fettrow, Sean",1,180000
Field Museum of Natural History,14,4870759
Fielding Graduate University,1,887512
"Finocchiaro, Jessica J",2,300000
Fisk University,12,13041503
"Fitch, Amelia A",1,180000
Fitchburg State University,1,55488
Florence-Darlington Technical College,1,989113
Florida Agricultural and Mechanical University,53,42515167
Florida Atlantic University,43,22623232
Florida Gulf Coast University,9,1931224
Florida Institute of Technology,23,5504607
Florida International University,124,88970569
Florida Memorial University,3,1998548
Florida Polytechnic University,4,1038992
Florida Southern College,2,211176
Florida State College at Jacksonville,8,4867702
Florida State University,167,96026269
Fond du Lac Tribal and Community College,1,74643
Foothill-De Anza Community College District,1,525793
Fordham University,15,5880284
"Forer, Joshua",1,330000
Forsyth Technical Community College,3,1813382
Fort Hays State University,3,1000568
Fort Lewis College,11,14689127
Fort Valley State University,2,3649160
"Fortiphyte, Inc.",1,991857
"Foundation for Applied Molecular Evolution, Inc.",1,1374132
"Fowler, Joshua Clark",1,240000
"Fox, Maria",2,300000
Framingham State University,1,1122960
Francis Marion University,2,120356
Franklin County Historical Society,1,1673758
Franklin W. Olin College of Engineering,5,1092345
Franklin and Marshall College,14,4086745
"Franklin, Emily Barnes",1,300000
"Frans, Veronica Felicia",1,240000
"Fraser, Adrian E",1,330000
"Frayer, Megan E",1,240000
"Frechette, Claire E",1,150000
Frederick Community College,3,1336919
Fresno City College,2,413826
"Fridovich-Keil, Sara",1,190000
Friends of the North Carolina State Museum of Natural Sciences,3,841769
"Frisch, Joshua Robert",1,150000
"Froehlich, Catheline Yasmin-Magali",2,480000
Front Range Community College,2,298928
"Frostig, Danielle",1,330000
Fullerton College,2,691028
Furman University,15,7890702
"Fuster Aguilera, Rosa Maria",1,300000
GALLOX SEMICONDUCTORS INC.,1,305000
GALVANIX INC.,1,305000
GAVILAN JOINT COMMUNITY COLLEGE DISTRICT,1,375000
GENALPHA NUCLEAR TECHNOLOGIES LLC,1,275000
GENASSIST INC,1,294993
GENCORES LLC,1,1199674
GENERATE LLC,1,1199000
GENEXGEN INC,1,274763
"GEOFINANCIAL ANALYTICS, INC.",1,295000
GFORCE ANIMATION INC,1,274828
"GLOBAL ATMOSPHERIC TECHNOLOGIES AND SCIENCES, INC.",4,1974531
"GLOBAL COOLING TECHNOLOGY GROUP, LLC",1,978431
GLOBAL ENERGY CORPORATION,1,294936
GLOBAL FUND FOR WOMEN INC,1,299941
GLOBAL PHILANTHROPY PARTNERSHIP,1,330000
GMTO CORPORATION,2,13000000
GODWIT KEY COMPANY,1,1192647
GRAIN WEEVIL CORPORATION,1,1669250
GRAVEL CAPITAL LLC,1,1000000
"GREEN SUN MEDICAL, LLC",1,1450657
"GREENKEY, LLC",2,550000
"GREENSIGHT AGRONOMICS, INC.",2,1881486
"Gaetz, Christian Richard",2,300000
Gallaudet University,15,11874854
Galveston College,1,2887873
"Garcia, Fortino M",1,150000
"Garcia, Joshua",1,115000
"Gardner, Kristen Elise",1,300000
"Gaynor, Michelle L",2,480000
"Geller, Sarah R",1,300000
George Mason University,173,83840612
George Washington University,123,73322203
Georgetown University,64,36808924
Georgia College,5,1267131
Georgia Gwinnett College,10,2428030
Georgia Piedmont Technical College,3,1797852
"Georgia Southern University Research and Service Foundation, Inc",21,14143002
"Georgia State University Research Foundation, Inc.",76,53476103
Georgia Tech Applied Research Corporation,2,705100
Georgia Tech Research Corporation,455,412686586
"German, Austin A",1,170000
Gettysburg College,5,1622968
Giant Screen Films,1,3078314
"Gilmer, Humberto Bruce",1,300000
"Girouard-Hallam, Lauren Nicole",1,160000
Gloucester Marine Genomics Institute,2,1760639
"Goeckeritz, Charity Z",1,249000
Goeppert LLC,1,275000
"Goldman, Katherine May",1,190000
"Golec, Joseph E",1,330000
"Gong, Yan",1,184000
Gonzaga University,4,888985
"Gorchov Negron, Alan",2,404000
Gordon Research Conferences,40,959418
Goshen College,1,556994
"Gotti, Felix",1,300000
Governors State University,2,2000000
Grambling State University,5,4792899
Grand Rapids Community College,1,1000000
Grand Valley State University,15,4197030
Grand View College,2,174344
Greater Washington Educational Telecommunications Association,1,1287634
Green River Community College,3,3399749
Greenville Technical College,1,436009
"Griffin, Chasen D",1,240000
"Griffing, Aaron H",1,138000
"Griffith, Emily J",2,640000
"Grindstaff, Gillian R",1,150000
Grinnell College,8,2312553
"Guerrera, Alexa G",1,240000
Guilford College,2,1093857
Gulf of Maine Research Institute,5,2895602
Gustavus Adolphus College,2,610013
"Gwynne, Araminta Amabel",1,150000
"Gyllenhaal, Ethan F",2,480000
H. Lee Moffitt Cancer Center and Research Institute Hospital Inc,4,1568039
"HABITAWARE, INC.",1,1522258
"HALO CURES, INC.",1,1210728
HALOMINE INC.,1,1714233
HARRIS-STOWE STATE UNIVERSITY,5,5820324
HEALTHPARTNERS Institute,1,995110
"HEAT INVERSE, LLC",2,3399996
HELIOS POMPANO INC,1,955736
"HELIPONIX, LLC",1,1665190
HENSUN INNOVATION LLC,1,275000
"HEROWEAR, LLC",2,1997320
"HEXAKIT, INC.",2,550000
"HEYKIDDO, LLC",1,1337783
"HIGHER EDUCATION, CONNECTICUT BOARD OF REGENTS FOR",1,350000
HYPERION TECHNOLOGIES LLC,2,598772
"HYPRLIFT, INC.",2,3382506
"HYQ RESEARCH SOLUTIONS, LLC",1,998104
"Hafner, Elena S",1,190000
"Haine, Peter James",1,150000
"Hale, Kayla R S",1,240000
"Hall, Zack B",1,300000
"Hallgren, Maximilien",1,150000
"Hamann, David Linus",2,380000
Hamilton College,7,1439976
Hamline University,1,118384
Hampton University,18,8529357
"Hankel, Camille",1,202000
"Hardison, Emily A",1,240000
Harford Community College,3,1415005
"Hartman, Jasenia",1,160000
Hartnell College,1,199951
Harvard University,213,165182646
Harvey Mudd College,13,4028649
Haskell Foundation,1,20377442
Haverford College,13,3327784
Hawaii Pacific University,5,3212572
"He, Xiaoyu",1,150000
Health Research Incorporated/New York State Department of Health,1,63275
"Hejazi, Nima S",2,300000
"Heliobiosys, Inc.",1,1125086
"Hemenway, Gregory",1,300000
Hendrix College,4,5960056
"Hennelly, Lauren Mae",1,207000
"Henning, Paige M",2,455186
"Henry, Christian",2,276000
"Hernandez, Felipe",1,190000
"Hickok, Abigail",1,190000
High Point University,4,486468
Higher Education Policy Commission,3,15745617
Highline Community College,2,422166
Hillsborough Community College,2,1092869
Himet Materials LLC,1,274972
Hinds Community College-Utica,2,1802204
"Hippee, Alaine C",2,480000
History of Science Society,1,430050
"Ho, Stephanie H",2,640000
Hobart and William Smith Colleges,4,1046336
"Hodge, Rachel",2,480000
"Hodges, Anthony",1,300000
Hofstra University,14,11473563
"Hogan, Michael P",2,480000
Hollins University,1,999998
Holy Family College,1,392960
Holyoke Community College,2,2011458
"Hong, David",1,150000
Hood College,2,745588
Hope College,9,3512506
Horizon Research Inc,5,8451801
"Hotchkiss, James Emerson",1,190000
Housatonic Community College,1,678039
Houston Baptist University,2,699641
Houston Community College,1,281186
Howard University,58,37942967
"Howes, Bolton John",1,180000
"Huang, Caroline",1,330000
"Huang, Daoji",2,300000
Hubbard Brook Research Foundation,2,696717
Hudson County Community College,2,898617
Hudson Valley Community College,4,1698314
HudsonAlpha Institute for Biotechnology,3,2947229
"Hugelmeyer, Cole W",1,150000
"Hunter, Nathanael H",1,200000
Huston-Tillotson University,4,882334
IAMBIC INC.,1,990900
"ICTERO MEDICAL, INC.",1,1466649
"ILLUMINATE THERAPEUTICS, INC.",2,550000
IMMERGO LLC,1,1000000
IMPACT ALLIES INC,3,3480595
IN VIRTUALIS LLC,1,295000
INA SOLUTIONS INC.,1,998332
INATURALIST,1,140639
INCUENTRO LLC,1,304951
"INFORMUTA, INC.",1,275000
"INFRATIE SOLUTIONS, LLC",2,549254
"INIA BIOSCIENCES, INC.",2,550000
INITIUM AI INC.,1,985389
"INNATRIX, INC.",1,1202301
"INQUIRING SYSTEMS, INC.",2,594554
"INSIGNA, INC.",1,275000
"INSILICA, LLC",2,2908400
INSILICOM LLC,1,3865636
INSOMA BIO INC,1,1673065
"INSTITUTE FOR FUTURE INTELLIGENCE, INC.",5,3720870
INTACT THERAPEUTICS,1,999783
"INTERNATIONAL ALLIANCE FOR PHYTOBIOMES RESEARCH, INC.",3,982670
INTERNET2,5,23653411
"INTUITAP MEDICAL, INC.",2,2000000
IONA UNIVERSITY,2,744999
IONICSCALE LLC,1,1000000
IQInetics Technologies Inc.,1,1487198
"IRIS LIGHT TECHNOLOGIES, INC.",2,2000000
IRONSIDES MEDICAL INC,1,275000
IRRADIANT SENSING CORPORATION,1,295000
"ISEECHANGE, Inc.",1,1199999
"ISLEX THERAPEUTICS, LLC",1,275000
Icahn School of Medicine at Mount Sinai,11,4219617
Idaho State University,16,11291623
Illinois Central College,1,349397
Illinois Institute of Technology,54,20610768
Illinois Wesleyan University,1,4649261
"ImageCat, Inc.",1,79659
Independence Community College,2,633905
Indian Hills Community College,3,2117837
Indian River State College,5,10539483
Indiana Institute of Technology,2,723698
Indiana State University,4,883429
Indiana University,220,183660122
Indiana University of Pennsylvania,3,1786160
Indiana Wesleyan University,4,1873936
"Ingles, Kevin C",1,300000
InnovBot LLC,2,2128390
Institute For Advanced Study,7,29403740
Institute for Global Environmental Strategies,1,297658
Institute for Learning Innovation,1,1992484
Institute for Systems Biology,8,8581089
International Computer Science Institute,8,3803752
Iowa State University,207,130722607
"Itgen, Michael",1,240000
Ithaca College,8,4427466
Ivy Tech Community College of Indiana,3,876623
"Iyer, Sumun S",1,190000
"J. Craig Venter Institute, Inc.",9,14773878
JELIKALITE LLC,1,959066
"JOHNSON, O.S. TECHNICAL INSTITUTE",1,307706
JSTOR,1,49110
JUNO PROPULSION INC.,1,274969
Jackson Community College,4,1706984
Jackson State University,28,22819696
"Jackson, Joseph S",1,190000
Jacksonville State University,3,3276953
Jacksonville University,2,1018697
"Jadbabaie, Arian",2,600000
"Jain, Yajit",2,300000
"Jalbert, Madeline Claire",1,160000
James A. Rhodes State College,1,526765
James Madison University,25,11448544
"Jarecke, Karla M",2,284168
Jarvis Christian College,3,2399036
Jefferson College,1,400000
"Ji, Lena",1,150000
Joan and Sanford I. Weill Medical College of Cornell University,6,7375349
"Jobe, Justus G D",1,240000
John Carroll University,4,4328631
Johns Hopkins University,220,171754501
Johnson C. Smith University,3,877782
Johnson County Community College,4,3003203
Johnston Community College,2,1280848
Joliet Junior College,2,186660
"Jolly, Amber R",1,240000
"Jones, Diamond T",2,600000
"Jones, Edna Luo",1,300000
"Jovinelly, Eric Michael",2,380000
"JuneBrain, Inc.",2,3865972
Juniata College,3,1813782
KAI TECH LLC,1,275000
"KATABASIS, INC.",1,288749
"KAYA FERTILIZERS, LLC",1,305000
KILELE HEALTH LLC,1,1199708
Kalamazoo College,3,749612
"Kalashnikov, Dmitri Alexander",1,202000
"Kalion, Inc.",2,2892310
"Kannan, Siddarth Pavan",2,380000
Kansas City Kansas Community College,3,1494099
Kansas State University,86,52511232
"Kapiamba, Alex Muteba",1,190000
"Karin, Benjamin R",1,240000
"Katsevich, Annie",1,150000
Kean University,12,9015229
"Kean, Kiera Eloise",1,150000
"Kearly, Alyssa",2,498000
Kellogg Community College,2,1187566
"Kelly, Patrick Quinn",1,300000
"Kemp, Dewey Dominique",1,150000
Kennebec Valley Community College,1,563823
Kennesaw State University Research and Service Foundation,43,12335627
"Kenseth, Christopher M",1,190000
Kent State University,56,25139515
Kentucky Community & Technical College System,13,8481832
Kentucky Science & Technology Corporation,5,22576031
Kentucky State University,3,5155709
Kenyon College,5,1789998
Kepley Biosystems Incorporated,1,1225234
Kettering University,6,1971352
Kilgore College,1,349818
"Kim, Minjae",1,160000
King's College,2,1264632
"King, Darren Andrew",1,150000
"Kintsugi Mindful Wellness, Inc.",2,3000000
"Kirkpatrick, Heather Margaret",1,180000
"Klug, Michael R",1,150000
"Knight, Hannah",2,380000
"Knisley, Matthew",2,340000
Knology Ltd.,2,499990
Knox College,1,154586
"Kopania, Emily Emiko Konishi",2,480000
"Kosterlitz, Olivia",2,480000
"Krishna, Siddhi",2,300000
"Krueger, Robert A",1,190000
"Kuan, Jeffrey",1,190000
"Kulik, Zoe",1,180000
"Kumar, Bhanu",1,150000
"Kuperberg, Vivian Zieve",2,340000
Kutztown University,4,1909472
"Kuzbary, Miriam",1,150000
LABBY INC.,1,1069991
"LAMBDA FUNCTION, INC.",2,1999884
LASER GRAPHICTRONICS LLC,1,275000
LATTICE THERAPEUTICS INC,1,274947
LAWRENCE UNIVERSITY OF WISCONSIN,1,431200
LEARN COLLABORATE INC.,1,999942
LEARN: Lonestar Education and Research Network,1,890486
"LEARNING NETWORK, LLC, THE",1,989117
LELANTOS INC.,2,3085158
LEVIOSA TECHNOLOGIES LLC,2,550000
"LIFE SEAL VASCULAR, INC.",2,549094
LIFENGINE ANIMAL HEALTH LABORATORIES INCORPORATED,1,1668708
LIMAR AI INC,2,549808
LIMELIGHT STEEL INC.,2,550000
"LITERASEED, INC.",1,997693
"LITTLE ROOM INNOVATIONS, LLC",1,274975
LONG ISLAND CHILDREN'S MUSEUM,2,359778
"LOOMIA TECHNOLOGIES, INC.",2,590000
LSU Health Sciences Center -Shreveport,1,50000
"LUCA AI, LLC",1,304935
"LUCENDI, INC.",2,3799988
LUMONIQ INC,2,550000
"LYOWAVE, INC",1,304436
La Salle University,1,143652
La Sierra University,1,199952
Lac Courte Oreilles Ojibwa Community College,1,250000
Lafayette College,16,3143806
Lake Area Technical College,1,342504
Lake Forest College,2,700000
Lake Superior State University,1,384660
Lakeshore Technical College,2,986560
Lamar University,5,1373101
"Lamarche, Alicia Mae",1,150000
"Lampert, Amichai",2,380000
"Lamperty, Justine Therese",1,207000
Landmark College,2,3998377
"Landry, Michael",1,150000
Lane College,1,399225
Laramie County Community College,2,699702
"Large, Christopher Ryan Livingston",1,240000
"Larsen, Tyler J",2,480000
"Larson, Drew A",1,216000
Las Cumbres Observatory Global Telescope Network,9,11826457
"Law, Michael",1,170000
Lawrence Technological University,10,2093828
Lawson State Community College,1,500000
Le Moyne-Owen College,2,1999110
Lebanon Valley College,2,480000
Lee College,1,599895
"Legan, Andrew Wesley",2,276000
Lehigh Carbon Community College,1,200000
Lehigh University,93,53228926
"Lemma, Bezia",1,240000
"Leon Guerrero, Sibylla",1,138000
Lewis and Clark College,16,5239675
"Lewis, Briley Lynn",1,330000
"Lewis, Madeline J",2,0
"Lewis, Monica A",2,300000
"Li, Ray",1,150000
"Li-Huerta, Siyan",2,380000
"Liberty University, Inc.",3,683542
"Lichtman, Jared Duker",1,190000
Limestone College,2,1548944
Lincoln Park Zoo,2,3190324
Lincoln University,9,3649282
"Link, Kathryn Grace",1,150000
"Lipton, Max",2,380000
Little Priest Tribal College,3,2730824
Livingstone College,1,2242569
"Lombardi, Elizabeth",1,240000
Long Island University,4,788787
Longwood University,4,2101327
"Lopatto, Patrick",2,300000
"Lopez, Jonathan Williams",1,240000
"Lopez, Marco Antonio",1,300000
Lorain County Community College,2,3415620
Los Angeles County Museum of Natural History Foundation,9,5252427
Los Angeles Harbor College,1,349534
Los Angeles Mission College,2,359746
Los Angeles Pierce College,3,1672324
Los Angeles Valley College,3,2000000
Louisiana Board of Regents,3,26049437
Louisiana State University,208,97042913
Louisiana State University Agricultural Center,4,4843432
Louisiana State University Health Sciences Center,1,389355
Louisiana State University at Alexandria,1,650000
Louisiana Tech University,17,20724842
"Love, Cara N",1,207000
Lowell Observatory,8,3014761
"Loyd, Kaitlyn F",2,380000
Loyola Marymount University,4,3549261
"Loyola University Maryland, Inc.",3,1323211
Loyola University of Chicago,33,11243652
"Loyola University of Chicago, Health Sciences Campus",3,691968
"Lucey, Madeline",1,330000
"Luo, Sammy Y",1,190000
Luther College,1,185463
"Lutz, Patrick G",1,150000
LuxNour Technologies Inc,1,304507
Lycoming College,1,994971
Lygos Inc.,1,2375361
"Lyman, Rylee A",1,150000
"MACROCOSM, INC.",2,4143180
"MADISON SCIENTIFIC, INC.",1,1199723
MAGNIFY BIOSCIENCES INC.,1,274998
MAGSORBEO BIOMEDICAL CORP,1,305000
MAIJKER CORP.,1,1000000
MAIN ENGINEERING LLC,1,305000
MAINE DEVELOPMENT FOUNDATION,1,46076
"MAMMAE BIOSCIENCES, INC.",1,271443
"MANZANITA COOPERATIVE, INC.",1,254903
"MAPLESS AI, INC.",1,1199999
"MARCONI SOCIETY, INC.",1,1400
"MARINE TECHNOLOGY SOCIETY, INC.",2,1189034
"MARK O'NEILL, LLC",2,549048
"MENTE, INC.",1,1011981
"METACULUS, INC.",1,175000
"METEORA3D, INCORPORATED",1,275000
"MFNS TECH, INC.",2,1984028
MGH Institute of Health Professions,3,3522995
MICHIGAN STATE UNIVERSITY FOUNDATION,1,999547
MILITARY SEALIFT COMMAND,1,17875534
MIMIC SYSTEMS INC,1,275000
MINNESOTA STATE COLLEGES AND UNIVERSITIES,1,343405
MINNOWTECH LLC,2,3008470
MISSISSIPPI STATE UNIVERSITY ASSURE RESEARCH & DEVELOPMENT CORPO,1,999997
"MITO-BIOTHERAPEUTICS, INC.",1,274855
"MIXTA RE, INC",1,304200
MODENDO INC.,1,994138
"MOLECULAR INTERFACES, LLC",1,274953
MOLECULAR SURFACE TECHNOLOGIES LLC,2,511724
MOLLOY UNIVERSITY,4,7156728
MOLTEN MATERIALS LLC,2,549982
"MOLTEN SALT SOLUTIONS, LLC",1,1500000
MONTCALM COMMUNITY COLLEGE,1,0
MULTIPLIER,1,24486
MUON VISION INC.,2,2956572
MUSEUM ASSOCIATES,1,369186
"MVMNT-X, INC.",1,275000
MYANIML,1,274866
MYCONAUT LLC,1,275000
MYVILLAGE PROJECT INC,1,999828
"Maayan, Inbar",2,480000
"MacDonald, Hannelore A",1,207000
Macalester College,12,4210838
"Macias, Diana Stephanie",1,240000
Madison Area Technical College,5,18573877
"Madison, Imani Adia",1,249000
Maine Mathematics and Science Alliance,8,8943218
"Maldague, Dominique Francoise",1,150000
"Manafzadeh, Armita Razieh",1,138000
"Mandelshtam, Yelena",1,190000
"Manea, Catherine",1,330000
Manhattan College,6,2063443
Manhattanville College,1,199970
"Mann, Michael Everett",1,174000
"Marante Valdes, Carlos Antonio",1,300000
Marian University,2,2252386
Maricopa County Community College District,9,3333882
Marine Biological Laboratory,17,17056937
Marine Environmental Sciences Consortium,1,2512858
Marion Technical College,4,2828701
Marquette University,33,13836636
"Marquez, Alan",2,600000
Marshall University Research Corporation,16,6867579
"Martin, Bruce Stagg",2,498000
"Martin, Gage",1,150000
"Martinez Grundman, Jaime Enrique",1,240000
"Martínez-Gómez, Jesús",1,216000
Marymount University,7,3205180
Maryville College,2,1999760
Marywood University,1,749834
"Massa, Megan G",1,0
Massachusetts Eye and Ear Infirmary,1,400000
Massachusetts General Hospital,4,2149692
Massachusetts Institute of Technology,328,371210358
Materials Research Society,2,61000
Mathematical Association of America,7,5517896
Mathematical Sciences Research Institute,3,26701040
"Matilsky, Loren",2,640000
"Matzke, Ryan W",1,150000
Mayo Clinic Rochester,8,4340574
McDaniel College,1,437393
"McGinnis, Daniel A",2,380000
"McKean, Stephen",1,150000
"McKenzie, Marion",1,180000
McLean Hospital,1,2790474
"McMillon, Emily",1,190000
McMurry University,3,931757
Medical College of Wisconsin,4,1095048
Meharry Medical College,11,5748396
"Mendiola, Sandra Y",2,480000
Menlo College,1,30000
"Mercado, Francisco J",1,291200
Mercer University,7,2339655
Mercyhurst University,1,167895
Merrimack College,3,1832199
"Merritt, Rachael L",2,600000
Metropolitan College of New York,1,1707270
Metropolitan State University of Denver,4,2566430
"Meyer, Chandler Marie",1,249000
Miami Dade College,6,7203060
Miami University,41,16822005
"Michail, Joseph M",2,660000
Michigan State University,372,246743971
Michigan Technological University,69,41636750
Middle Georgia State University,1,374782
Middle Tennessee State University,23,13512816
Middlebury College,14,3987611
Midwestern State University,1,184066
Midwestern University,2,864596
Miles College,3,1671160
Millersville University,2,2430158
Millikin University,1,1000000
Milwaukee 7 Water Council,1,995943
Milwaukee Area Technical College,1,649740
Milwaukee School of Engineering,1,999974
Minneapolis Community and Technical College,1,850000
Minnesota Riverland Technical College (Austin Campus),1,348486
Minnesota State Colleges & Universities,1,343405
Minnesota State University Moorhead,2,998720
"Minnesota State University, Mankato",5,3037944
MiraCosta College,1,649986
Mississippi Gulf Coast Community College,1,649120
Mississippi State University,86,53372106
Mississippi University For Women,2,1655142
Mississippi Valley State University,3,541731
Missouri Botanical Garden,4,2011220
Missouri State University,4,2321251
Missouri University of Science and Technology,69,23602532
Missouri Western State University,3,1496238
Mitre Corporation Virginia,5,24355109
"Miyagi, Miriam",1,240000
"Molitor, Zachary",1,180000
"Monge, Richard",1,300000
Monmouth University,2,349998
Monroe Community College,2,914292
Montana State University,104,66118782
Montana State University - Billings,1,499999
Montana Technological University,8,5028040
Montclair State University,36,15769533
"Monteiro, Nariel",1,300000
Monterey Bay Aquarium Research Institute,12,79455772
Monterey Institute For Research in Astronomy,2,1143520
Montgomery College,5,3796685
Montgomery County Community College,1,573347
"Montoya-Vega, Gabriel Jaime",1,300000
"Moore, Kelsey R",1,180000
Moravian University,1,500846
Morehead State University,3,1339887
Morehouse College,12,27038082
Morehouse School of Medicine,1,840872
"Morfe, Peter",2,340000
Morgan                  Victoria       M,2,414000
Morgan State University,51,30952428
"Morgridge Institute for Research, Inc.",4,9155061
Morton Arboretum,3,2597059
"Mosley, Camille",1,240000
Mote Marine Laboratory,5,1573849
Motlow State Community College,5,957077
"Mouillé, Lawrence",2,300000
Mount Holyoke College,5,1222352
Mount Hood Community College,2,1299998
"Mount Mary University, Inc.",1,999760
Mount San Antonio College,7,2959336
Mount St. Mary's University,2,1516141
Mount Wachusett Community College,1,350000
Mountwest Community & Technical College,1,552031
"Mui, Stephanie",2,380000
"Mundy, Samuel",1,150000
"Muragishi, Gregg A",1,160000
"Murphy, Sara Edinger",1,202000
Murray State University,4,1486024
Museum of Science and Industry,1,1279630
"NALA SYSTEMS, INC.",1,1374283
NANORES LLC,1,305000
NASA/GODDARD SPACE FLIGHT CENTER,1,1887380
NASUS MEDICAL INC.,1,1198807
NATIONAL INSTITUTE OF STANDARDS AND TECHNOLOGY,2,16000000
"NATIONAL RESOURCE CONSULTANTS, LLC",2,550000
"NATRX, INC.",2,2990652
NEARABL INC.,2,550000
"NEOCARE INNOVATIONS, INC.",1,943819
"NEURALTRAK, INC",2,590000
NEUROBIONICS INC,2,508912
"NEURODYNE, INC.",1,1345748
NEUROSMART INC.,1,1198750
NEUROTECHR3 INC.,2,1995470
NEVADA STATE UNIVERSITY,1,1000000
"NEW ENGLAND HEMOLYTICS, INC.",1,274858
"NEW HAMPSHIRE ACADEMY OF SCIENCE, INC.",1,1447987
"NEW UNIVERSITY OF BRIDGEPORT, INC., THE",1,199998
NEWHAPTICS CORP.,3,3117937
"NEXILICO, INC.",1,1623498
NEXTCORPS INC,2,9117672
NEXTGENEDU INC,1,304993
NEXUMA L.L.C.,1,304988
NJEDge.Net,3,1442148
NONA TECHNOLOGIES,1,274994
NOON ENERGY INC.,1,1000000
"NORCON TECHNOLOGIES HOLDING, INC.",1,1151724
"NORTHWEST KANSAS TECHNICAL COLLEGE, INC.",1,297792
"NOSTOPHARMA, LLC",1,1016000
NOVAURUM BIOSCIENCES INCORPORATED,1,305000
"NOVEL FARMS, INC.",1,1582910
"NOVOCLADE, INC.",2,2007882
"NOVOTHELIUM, LLC",1,274194
NUCLEON POWER INC,1,273834
NUMENTUS TECHNOLOGIES INC.,1,285454
NUTRAMAIZE LLC,1,1551842
"Naff, Keaton Thomas",1,150000
"Nakamura, Kai",1,190000
"Nakashima, Whitney",2,480000
Nanopath Inc.,1,1497781
Nantucket Maria Mitchell Association,1,230639
Nash Community College,1,539574
Nassau Community College,2,2295002
Nathan S Kline Institute for Psychiatric Research,1,3740073
National Academy of Sciences,42,45387442
National Bureau of Economic Research Inc,69,34660418
National Center For State Courts,1,349667
National Center for Genome Resources,1,1346558
National Council for Science and the Environment/CEDD,1,49697
National Girls Collaborative,2,589442
National Institute of Statistical Sciences,2,38000
National Marine Mammal Foundation,1,643665
National Opinion Research Center,11,22560587
National Park Community College,2,0
National Postdoctoral Association,1,49736
National Tropical Botanical Garden,1,61519
National University,1,400000
National-Louis University,3,2686734
Navajo Technical University,5,5790318
Naval Postgraduate School,7,3034019
"Navy, United States Department of the",1,20873164
"Neal, Isaac",1,190000
Nebraska Wesleyan University,2,8504
"Negrete, Benjamin",1,240000
"Nelsen, Nicholas H",1,190000
Neumann University,1,649556
Nevada System of Higher Education,3,31723535
"Nevada System of Higher Education, Desert Research Institute",20,7348664
New College of Florida,3,605595
New Iridium,1,1000000
New Jersey City University,2,868308
New Jersey Institute of Technology,116,62780805
New Mexico Consortium,10,2235642
New Mexico Highlands University,5,9457734
New Mexico Institute of Mining and Technology,37,17254475
New Mexico Museum of Natural History Foundation,1,248127
New Mexico State University,61,41350000
New York Botanical Garden,12,4401166
New York Hall of Science,4,7426118
New York Institute of Technology,10,2659146
New York State Education Department,2,813924
New York University,255,155126299
New York University Medical Center,16,20735291
"Neylan, Isabelle P",2,480000
Niagara University,1,100000
"Nicoletti, Matthew",1,190000
"Nonnamaker, Emily",2,480000
Norfolk State University,19,17736588
Normandale Community College,3,2248304
North Arkansas College,5,2676535
North Carolina Agricultural & Technical State University,77,56970999
North Carolina Central University,19,15008272
North Carolina State University,372,246689840
North Carolina Wesleyan College,1,251835
North Central College,3,1630562
North Dakota State University Fargo,47,56864872
North Park University,1,500000
"NorthWest Research Associates, Incorporated",13,5146003
Northcentral Technical College,2,685038
Northeast Ohio Medical University,3,1123050
Northeast State Technical Community College,2,599994
Northeast Wisconsin Technical College,2,861816
Northeastern Illinois University,8,1837443
Northeastern State University,2,504176
Northeastern University,283,246852931
Northern Arizona University,84,65984594
Northern Forest Center,1,998056
Northern Illinois University,43,18403658
Northern Kentucky University,6,1818722
Northern Michigan University,1,105402
Northern State University,2,64828
Northern Virginia Community College,8,6043074
Northland Community & Technical College,4,16139222
Northwest Indian College,3,4400350
Northwest Missouri State University,1,251998
Northwest Vista College,1,0
Northwestern Connecticut Community College,1,835140
Northwestern University,292,225798904
Northwestern University at Chicago,5,1208417
Norwich University,3,2261539
"Norwood, Alexandra Lynn",2,360000
Nova Southeastern University,9,2907676
"Nsengiyumva, Emmanuel M",2,400000
Nurture Nature Center,2,2003128
"O'Desky, Andrew",1,150000
OAKGROVE BIO LLC,1,1000000
OBLIVIOUS LABS INC.,1,274988
"OCEAN MOTION TECHNOLOGIES, INC.",2,1999954
OCULOGENEX,1,1199722
OFF PLANET RESEARCH L.L.C.,1,996708
"OFF-WORLD, INC.",1,999117
OFM Research,1,62523
"OHIO STATE UNIVERSITY, THE",337,357983874
OKLAHOMA STATE REGENTS FOR HIGHER EDUCATION,3,3095516
OM THERAPEUTICS INC.,1,275000
"OMNICYTE, LLC",1,997689
ONCOBLAZE LLC,1,275000
"ONE SPOT LEARNING, INC.",2,513600
"ONECYTE BIOTECHNOLOGIES, INC.",1,1186726
OPEN SOURCE HARDWARE ASSOCIATION,1,1514468
OPTICAL WATERS LLC,1,983776
"OPTICALX, LLC",1,274996
OSMOSES INC.,1,253815
OSTIIO LLC,1,1000000
OUTER COAST,1,94829
OXBYEL TECHNOLOGIES INC.,1,999978
Oakland University,35,12140308
Oakton Community College,1,441059
Oakwood College,5,2797528
Oberlin College,24,5463460
Occidental College,15,5215479
Oceanography Society,1,25000
Oglala Lakota College,3,2931231
Ohio Dominican University,3,2547335
Ohio Northern University,2,1497678
Ohio University,19,11408038
Ohio Wesleyan University,4,1871810
Ohlone Community College District,3,1382542
"Okamoto, Kristina",1,180000
Oklahoma Medical Research Foundation,2,1530722
Oklahoma State University,98,53706825
"Olander, Noah B",1,190000
Old Dominion University Research Foundation,48,20599001
"Olson, Connor I",1,180000
"OmnEcoil Instruments, Inc.",1,255787
Onai Inc.,1,1794998
"Opie, Morgan P",1,150000
"Optimeos Life Sciences, Inc.",1,1500000
Oral Roberts University,2,894764
"Ordog, Erika Anastasia",1,150000
Oregon Health & Science University,9,4973518
Oregon Museum of Science and Industry,1,2098013
Oregon Research Institute,4,750678
Oregon State University,260,655168003
"Orosz, Florencia",1,150000
Otterbein College,2,1950865
Ouachita Baptist University,1,540000
"Ouyang, Zhimeng",2,300000
"Ovans, Zoe",1,160000
Ozarks Technical Community College,1,345725
PANGEA CHAT LLC,2,2000000
"PARALLEL PIPES, LLC",2,589940
PARAMIUM TECHNOLOGIES LLC,1,1499956
PARAMOUNT PLANET PRODUCT,2,2367784
"PARKVIEW HOSPITAL, INC.",1,175000
PASCAL TAGS INC,1,1731999
PATHFLOW INC.,2,550000
PBS FOUNDATION,1,2499320
PENNSYLVANIA WESTERN UNIVERSITY,6,3536228
"PERCEPTRA TECHNOLOGIES, INC.",2,550000
PHAGE REFINERY LLC,2,547304
PHARMACOUSTICS TECHNOLOGIES LLC,2,1995468
"PHLUX TECHNOLOGIES, INC.",2,1999998
PHOENIX WASTE SOLUTIONS INC.,2,2399988
PHYTUNES INC,1,1199902
"PIERSICA, INC.",1,1000000
PIRVISION LENS LLC,1,295000
PITCH AERONAUTICS INC.,1,274853
PNEUMONIX MEDICAL INC.,1,1199841
"POD NETWORK, LLC",1,295520
"PRAIRIELEARN, INC.",1,274981
PROTEIN DESIGN SOLUTIONS LLC,1,274640
PROVIZIGEN LLC,1,295000
"PSEUDOLITHIC, LLC",2,2982522
PUBLIC POLICY LAB,1,2109800
Pace University New York Campus,4,7829768
Pacific Lutheran University,3,1109981
Pacific Northwest Research Institute,1,2997443
Pacific Resources for Education and Learning,1,1485734
Pacific University,3,3425031
"Padgitt-Cobb, Lillian",1,216000
Paleontological Research Institute,1,377334
Palm Beach State College,1,1553556
"Palmer, David",2,380000
"Parekh, Shalin",1,190000
"Parker, Charles William",2,340000
"Parker, Gregory J",2,380000
Parkland College,1,149935
Pasadena City College,1,12763017
Passaic County Community College,1,1499363
"Patel, Dhruvit",1,91666
"Patel, Shreya Kiritbhai",1,300000
Paul Smith's College of Arts and Sciences,1,379750
"Pegan, Teresa",1,240000
"Pena, Jessica",1,300000
"Pena, Tara",1,300000
"Pennington, Lillie K",2,480000
Pennsylvania College of Technology,3,3622791
Pennsylvania State Univ University Park,531,355946427
Pepperdine University,4,3502759
"Perea, Melecio",1,300000
"Perez, Evan Hunt",2,600000
"Petersen, Rachel",1,160000
"Pheronym, Inc.",2,2428462
Philadelphia Area Center for History of Science,1,91674
Philadelphia College of Osteopathic Medicine,2,1033599
"Phillips, Michael Robert",1,300000
"Phillips, Tristan",2,380000
Phoenix Bioinformatics Corporation,4,3185191
Piedmont College,1,91794
Pikes Peak Community College,1,165383
"Pillai, Mohandas",1,150000
Pima County Community College District- NORTHWEST CAMPUS,1,266602
Planetary Science Institute,14,3945370
Plymouth State University,2,679815
Point Reyes Bird Observatory,1,4083714
Pomona College,13,5781716
Portland State University,75,48926428
Prairie View A & M University,44,24893948
"Prall, Wil",2,498000
Pratt Institute,3,10123525
Precision Neuroscopics,1,1275000
Predictive Science Incorporated,2,2236209
Prince George's Community College,1,4638192
Princeton University,247,242789516
"Prokhorov, Andrei",1,150000
Providence College,6,2072627
Purdue University,515,330473733
"Pyrch, Mikaela",2,600000
QAS.AI INC,1,1007862
"QUADRALYNX, INC",1,983137
QUALITY EDUCATION FOR MINORITIES NETWORK,11,6306541
QUANTIREAL INC.,2,550000
"QUANTIVLY, INC.",1,1174907
"QUANTUM COPPER, INC.",2,549220
QUARKSEN LLC,1,275000
Quincy University,2,722992
"Quinlan, Eamon Matthew",2,300000
RAINBOW HOSPITALITY LLC,1,302965
RAPID RADICALS TECHNOLOGY LLC,1,1180292
"RAVEL HOLDINGS, INC.",1,994863
RCAM TECHNOLOGIES,1,999496
REBORNC LLC,2,550000
"RECON RF, INC.",1,1199964
REEFGEN INC.,2,3310632
"REFIBERED, INC.",1,274955
"REFLODX, INC.",1,1000000
REHABNETICS MEDICAL LLC,1,275000
"RELAI, INC.",1,275000
RENEWCO2 LLC,1,981840
"RESELUTE, INC.",1,998921
RESET WATER LLC,1,275000
RESONANCE SIGNATURES LLC,1,294997
"RESONANTIA DIAGNOSTICS, INC.",2,610000
"RETHINK LEARNING, INC.",3,1959604
RETRN BIOWORKS INC.,1,275000
"RETURN TO VENDOR, CO",2,550000
"REVEL TECHNOLOGIES, INC.",1,1500000
"REVIVBIO, INC",1,275000
REVIVE BIOTECHNOLOGY INC.,1,998356
REVTERRA CORPORATION,1,1000000
RG Research Group,2,3614575
RICH EARTH LLC,2,3358266
"RMC Research Corporation, OR",1,747582
"ROBIGO, INC.",1,274999
ROCKET PROPULSION SYSTEMS LLC,1,1231962
"ROCKY MOUNTAIN INNOVATION INITIATIVE, INC.",1,15000000
ROOTWORDS INC,1,271780
ROSALIND FRANKLIN UNIVERSITY OF MEDICINE AND SCIENCE,2,212000
ROSEBUD BIOSCIENCES INC.,1,274829
ROWBOT SYSTEMS LLC,2,2000000
ROWLAND ROBERT REEVES,2,550000
RSTREAM RECYCLING INC,1,995163
RT MICRODX INC.,1,274362
"RUBI LABORATORIES, LLC",2,1939922
RUNESTONE ACADEMY LTD,1,66000
RUSH UNIVERSITY MEDICAL CENTER,1,25638
RUSHNU INC,2,550000
"RUTGERS, THE STATE UNIVERSITY OF NEW JERSEY",6,1076301
"RYP LABS, INC.",1,996291
Radford University,4,592015
"Raksit, Arpon",2,300000
Ramapo College of New Jersey,7,3982280
"Ramirez-Corona, Bryan A",2,498000
Rancho Santa Ana Botanic Garden,2,578116
Rancho Santiago Community College District,2,700000
Rand Corporation,14,9830708
Randolph-Macon College,5,1135895
"Rasmussen, Alexander James",1,150000
"Rathje, Steve",1,160000
"Ray, Allyson",1,240000
"Ray, Courtenay A",1,240000
"Raydiant Oximetry, Inc",1,1699269
Reed College,17,8500341
"Reeves, Lily",2,380000
Regents of the University of Idaho,65,90056111
Regents of the University of Michigan - Ann Arbor,613,457491681
Regents of the University of Michigan - Dearborn,25,10432380
Regents of the University of Michigan - Flint,10,3265018
Regis College,1,299848
Regis University,1,200000
Rehabilitation Institute of Chicago,1,1499013
Reinhardt College,2,1485106
Rensselaer Polytechnic Institute,81,36603488
Renton Technical College,1,326990
Research Foundation CUNY - Advanced Science Research Center,15,5199051
Research Foundation For Mental Hygiene Inc,1,1241250
Research Foundation Of The City University Of New York (Lehman),12,11255162
Research Foundation of the City University of New York,3,1212842
Research Triangle Institute,1,299999
"Respira Labs, Inc.",1,1649275
Restore America's Estuaries,1,49919
Reuben H. Fleet Science Center,1,380732
"Rezchikov, Semen Kirillovich",1,150000
Rhode Island Hospital,1,299708
Rhode Island School of Design,3,1278638
Rhodes College,4,2202945
Rider University,4,909266
Rio Hondo College,3,2006386
Ripon College,2,519310
Riverside Community College District/Riverside City College,1,200000
Roane State Community College,2,1092302
Rochester Institute of Tech,105,50830427
Rockefeller University,2,2600056
Rockhurst University,1,1000000
Rocky Mountain Biological Laboratory,5,2350411
Rocky Mountain Institute,2,984770
Roger Williams University,2,573909
Rollins College,5,1781949
Roosevelt University,3,3546660
"Rosa Raices, Jorge Luis",2,600000
Rose State College,1,400000
Rose-Hulman Institute of Technology,6,996824
"Ross, Catherine Haggard",1,180000
"Roth, Jamila",1,240000
Rowan College of South Jersey -- Cumberland Campus,2,4290164
Rowan University,51,17992654
"Rozo-Lopez, Paula C",2,480000
"Rubin, Juliette",1,240000
"Russell-Madonia, Jacob",1,150000
Rutgers University Camden,15,7393779
Rutgers University New Brunswick,276,169342153
Rutgers University Newark,48,19563138
"Rutgers, The State University of New Jersey-RBHS-Robert Wood",2,1318798
"Rutkowski, Danielle",1,240000
"Rybarczyk, Daniel R",2,660000
"SAKURA SOFTWARE SOLUTIONS, LLC",1,274880
"SALIENT PREDICTIONS, INC.",1,274912
SAMSAT,1,399251
SAN DIEGO COMMUNITY COLLEGE DISTRICT,3,668712
SANGTERA INC,1,1184000
SAVIMBO INC.,1,295000
SCORPIDO PHOTONICS,1,274990
SCRIPT BIOSCIENCES INC,1,274438
"SEMEN AND EMBRYO ADVANCED REPRODUCTIVE TECHNOLOGIES (SMART), LLC",1,294996
"SEMERGYTECH, INC.",1,1000000
"SENOGUARD, INC.",1,999545
SENSEER HEALTH INC.,1,1714851
SETI Institute,7,3258947
SHAKOPEE MDEWAKANTON SIOUX COMMUNITY,1,159222
SHARON WASHINGTON,2,549152
SHELL MUSEUM EDUCATIONAL FOUNDATION,1,121381
"SHROOM-E CO., LLC",1,275000
SIGNAL-WISE LLC,2,590000
SILICON ASSURANCE LLC,1,1089325
"SILVEC BIOLOGICS, INC.",2,1989878
SIRENOPT INC,1,274770
SITKA SOUND SCIENCE CENTER INC,3,5599119
"SIXLINE SEMICONDUCTOR, INC.",1,274503
SKILLSGAPP LLC,1,274428
"SKIP TECHNOLOGY, INC.",1,978993
"SKYGIG, LLC",1,1199999
SMART GIRLS HQ LLC,1,999800
SMARTCHARTS INC.,2,550000
"SOARCE, INC.",1,275000
"SOCTERA, INC.",1,1000000
SOFI TEC LLC,1,256000
"SOFTHREAD, INC.",1,984905
SOILSERDEM LLC,2,2397302
"SOLARID AR, LLC.",2,1962336
SOLIOME LLC,2,2000000
"SONOGEN MEDICAL, INC.",1,275000
"SONOVANCE, INC.",1,295000
"SONOVOICE, INC.",2,590000
SOUTHERN CALIFORNIA TRIBAL CHAIRMENS ASSOCIATION,1,998406
"SOWN TO GROW, INC.",1,275000
SPACE KINETIC CORP.,2,550000
SPACE SCIENCE INSTITUTE,9,2656225
"SPEARSTONE SOLUTIONS, LLC",1,305000
"SPECTACULAR LABS, INC.",1,275000
SRI International,15,24923162
STARNAV LLC,1,976584
"START International, Inc.",5,2096450
STEG AI CORPORATION,1,1000000
STL SCIENTIFIC LLC,1,974356
"STORX TECHNOLOGIES, INC.",2,2391470
STUDENT RESEARCH & DEVELOPMENT,2,1999800
"SUFFICIENTLY ADVANCED, INC.",1,275000
"SUNTHETICS, INC.",1,1000000
SUNY Adirondack,1,214976
SUNY College at Brockport,4,2009688
SUNY College at Buffalo,1,249934
SUNY College at Fredonia,1,336834
SUNY College at Geneseo,8,5383933
SUNY College at New Paltz,2,681048
SUNY College at Old Westbury,6,971878
SUNY College at Oneonta,4,1426306
SUNY College at Oswego,9,2804795
SUNY College at Potsdam,3,1340226
SUNY College of Environmental Science and Forestry,25,8899036
SUNY Empire State College,1,327850
SUNY Onondaga Community College,3,1086105
SUNY Polytechnic Institute,9,15411671
SUNY at Albany,78,36074421
SUNY at Binghamton,83,39829800
SUNY at Buffalo,187,127009874
SUNY at Stony Brook,224,129097570
"SUNY, Upstate Medical University",1,214612
"SUPERCLEAN GLASS, INC.",1,1000000
"SUPERIOR STATISTICAL RESEARCH, LLC",1,800000
SUSMAX LLC,1,1125000
"SYNSORYBIO, INC.",1,275000
"SYNTHETIC VECTOR DESIGNS, LLC",1,294999
SYZYGY OPTICS LLC,1,275000
Sacred Heart University,3,3019722
Saddleback College,3,12936659
"SageFox Consulting Group, LLC",2,773270
Saginaw Chippewa Tribal College,1,239221
"Sahi, Razia S",2,315834
Saint Augustine's College,10,2344358
Saint Bonaventure University,1,205214
Saint Edward's University,1,629641
Saint Francis University,2,799454
Saint John's University,7,2738496
Saint Joseph's College,2,1150147
Saint Lawrence University,3,212884
"Saint Leo University, Inc.",1,1199988
Saint Louis University,31,16183750
Saint Martin's University,1,153169
Saint Mary's College of California,5,1715036
Saint Mary's University of Minnesota,1,946670
Saint Michael's College,1,134481
Saint Vincent College,3,768526
Salem State University,1,268744
Salisbury University,4,1563084
Salish Kootenai College,9,9791681
Salt Lake Community College,3,1801938
Salve Regina University,3,2111057
Sam Houston State University,11,5094197
Samford University,1,302653
San Antonio College,2,363600
San Diego Society of Natural History,1,123065
San Diego State University Foundation,107,59188506
San Francisco State University,50,22116221
San Jacinto College District,4,2341411
San Jose State University Foundation,54,32425677
San Mateo County Community College District,2,1590158
"Sanchez, Andre",1,300000
"Sanchez, Anthony",1,150000
"Sanchez, Joshua J",2,600000
"Sanchez, Mario",1,150000
"Sanchez, Natalie Nicole",1,300000
"Sandoval-Powers, Megan A",1,240000
Santa Barbara Museum of Natural History,2,734170
Santa Clara University,23,10155705
Santa Fe College,1,570729
Santa Fe Community College,2,730084
Santa Fe Institute,6,2211224
Santa Monica College,1,2493400
"Santiago, Ty J",1,200000
Sarah Lawrence College,1,213295
"Sarro, Erica",1,240000
"Sasya, LLC",2,1990478
Savage Medical Inc.,1,999742
Savannah State University,3,4897713
"Schmidt, Steven E",2,276000
"Schock, Nolan Jeffry",2,380000
"School District No.1j Multnomah County, Or",2,2176028
School for American Research,1,75612
"Schulz, Aimee J",2,498000
"Science Communication Lab, Inc.",1,2741446
Science Museum of Minnesota,6,8124060
Scientific Committee on Oceanic Research (SCOR),4,5127606
Scripps College,6,2858221
Sea Education Association,1,83939
Sea Research Foundation,3,835571
Sealaska Heritage Institute,1,314857
"Sears, Caitlyn",1,170000
Seattle Community College District Office,3,2910382
Seattle Pacific University,4,2334194
Seattle University,7,3831193
"Seelinger, George H",1,190000
"Seligman, Darryl Zachary",1,220000
"Senger, Andrew",1,150000
"Serinus Labs, Inc.",2,2999842
Sesame Workshop,2,4600000
Seton Hall University,1,195000
"Seyler, Caroline Elizabeth",1,180000
"Shah, Shailee",2,480000
Shaw University,3,1142188
"Sheffer, Monica M",2,480000
Shepherd University,1,1499993
"Sherman, Brynn E",1,160000
"Sherman-Bennett, Melissa U",1,150000
"Sherpa, Sonam Futi",1,180000
Shoreline Community College,2,926840
"Short, Aidan William",2,498000
Siena College,2,591321
Siena Heights University,2,3000000
Sierra Streams Institute,1,114919
Silvis Materials,2,1999046
Simmons University,3,1135631
Simon                   Joseph,1,320000
"Simonis, Molly C",1,0
Simpson College,1,338845
"Simpson, Austyn",1,150000
Sinclair Community College,5,2802143
Sitka Tribe of Alaska,2,3225722
Sitting Bull College,1,898948
Skidmore College,7,2462365
Slippery Rock University of Pennsylvania,1,171885
Sloan Kettering Institute For Cancer Research,2,1050084
Smith College,28,8840320
"Smith, Jason D",1,170000
Smithsonian Institution,26,9467996
Smithsonian Institution Astrophysical Observatory,16,30209248
"Snead, Anthony Andrew",2,480000
Social Science Research Council,1,908042
Society For Developmental Biol,1,90000
Society For Industrial and Applied Math (SIAM),3,1636016
Society for In Vitro Biology,1,60503
Society for Personality and Social Psychology,1,368822
Society for Social Studies of Science,1,101000
Society of Manufacturing Engineers,1,46448
Sonoma State University,6,5278670
South Carolina State University,1,100000
South Central College,1,611234
South Dakota Board of Regents,3,40998750
South Dakota School of Mines and Technology,26,34475021
South Dakota State University,24,19295838
South Florida State College,3,1699991
Southeast Community College,1,49198
Southeast Missouri State University,2,211601
Southeastern Community College Burlington,2,1298998
Southeastern Louisiana University,3,1455521
Southern Adventist University,2,390432
Southern Connecticut State University,2,2042311
Southern Illinois University at Carbondale,29,8207680
Southern Illinois University at Edwardsville,11,6174967
Southern Methodist University,51,23295867
Southern Oregon University,2,1449146
Southern University,13,14790800
Southern University New Orleans,1,50000
Southern University at Shreveport,2,681227
Southern Utah University,8,3655969
Southern West Virginia Community College,2,315462
Southwest Research Institute,7,2090530
Southwestern College,3,2504133
Spartanburg Community College,3,1392006
Spectral Sciences Inc,2,977986
Spelman College,17,16138735
"Spiegel, Daniel David",1,190000
"Spiro, Sam",1,150000
"Spitler, Ryan",2,300000
St Joseph's University,2,1502574
St Jude Children's Research Hospital,6,4413895
St Mary's College of Maryland,4,943101
St Mary's University San Antonio,1,177272
St Peter's University,2,2011179
St. Catherine University,3,719187
St. Cloud State University,2,1242860
St. John Fisher College,3,4887253
St. Norbert College,3,1439809
St. Petersburg College,2,1081261
"Stackhouse, Chavis A",1,300000
Stanford University,259,395331040
"Stanton, Lauren Ashely",1,240000
Stark State College of Technology,1,650000
Startle Innovation LLC,2,1960720
State University of New York College of Technology at Canton,2,450000
"Steigerwald, Emma Cathleen",1,240000
"Stemo, Aaron",1,300000
Stephen F. Austin State University,4,3030632
Stetson University,2,1502998
Stevens Institute of Technology,86,33707290
"Stevens, Madison P",2,241250
Stevenson University,2,299764
Stillman College,3,480000
Stochastic Research Technologies LLC,1,1023331
Stockton University,3,529190
Strategic Energy Innovations,1,99998
Stroud Water Research Center,5,1521480
Suffolk Community College,4,3794521
Suffolk University,4,146290
Sul Ross State University,3,2816379
"Sullivan, Colleen E",1,160000
"Sumner, Brandon C",1,300000
Sunthru LLC,1,1022000
Susquehanna University,1,200170
Sustainable Horizons Institute,4,1895384
"Swanson, Mark T",1,240000
Swarthmore College,13,3523321
"Sweeting, Brandon Scott",2,600000
"Sweeting, Naomi",2,380000
"Swentowsky, Kyle W",1,216000
"Swift, Joel F",1,249000
Swinomish Indian Tribal Community,1,171549
"Symbrosia, Inc.",2,2032000
Syracuse University,126,69536265
"T33 DENTAL, INC.",1,275000
"TEARDX, LLC",1,275000
TECTARIA BIO LLC,2,550000
TEGA Therapeutics Inc,1,1394931
"TEMPRIAN ONCOLOGY, INC.",1,295000
TERC Inc,26,30977500
"TERRA AI, INC",2,548722
"TERRAFERMA FOODS, INC.",1,275000
TERRAFORMA CARBON LLC,1,275000
TFWIRELESS INC.,1,1000000
THE ALLEN INSTITUTE FOR ARTIFICIAL INTELLIGENCE,1,2000000
THERACEA PHARMA LC,1,295000
"THERAFLUOR, INC.",1,274999
THERAPEUTIC BANDAGE PRODUCTS LLC,1,305000
"THERMAQUIL, INC.",1,1199999
THEROMICS INC.,2,2000000
THIOZEN INC.,1,954542
"THOMAS JEFFERSON FOUNDATION, INC.",1,254602
"TISSUEFORM, INC.",1,274822
TMT INTERNATIONAL OBSERVATORY LLC,1,6500000
"TOWARD A BETTER HUMANITY, LLC",2,0
"TRINE UNIVERSITY, INC",1,200000
"TRUSPIN NANOMATERIAL INNOVATION, INC.",1,963349
"Takase, Alberto",1,300000
Talladega College,1,398167
Tallahassee Community College,2,1255070
Tarrant County College District,2,697312
"Teachers College, Columbia University",8,7706131
Teachers Development Group,2,3164238
Temple University,106,51616151
Tempo Therapeutics,1,1000000
"Tenenbaum, Debora",2,480000
Tennessee State University,30,16531287
Tennessee Technological University,26,19639856
Tennessee Wesleyan College,2,184920
Terra State Community College,1,349535
Texas A&M AgriLife Extension Service,1,115213
Texas A&M AgriLife Research,19,7164286
Texas A&M Engineering Experiment Station,182,88951514
Texas A&M International University,6,3204967
Texas A&M Research Foundation,2,41845484
Texas A&M University,226,167666437
Texas A&M University - Central Texas,3,719042
Texas A&M University Corpus Christi,30,24998138
Texas A&M University-Kingsville,12,14498362
Texas A&M University-San Antonio,9,2037935
Texas Christian University,8,1751704
Texas College,2,548258
Texas Lutheran University,3,438072
Texas Southern University,13,7160062
Texas State Technical College,1,637016
Texas State University - San Marcos,51,33197388
Texas Tech University,106,54352125
Texas Tech University Health Science Center,8,2175660
Texas Wesleyan University,1,527170
Texas Woman's University,7,4232080
The Chicago School of Professional Psychology,2,789923
The Children's Hospital of Philadelphia,1,392542
The College Board,1,0
The College of Idaho,2,351296
The College of New Jersey,12,5503718
The Forsyth Institute,1,667017
"The Geological Society of America, Inc.",5,3681815
The Learning Partnership,3,2587203
The Methodist Hospital Research Institute,2,192997
The National GEM Consortium,2,1200000
The New School,2,1856295
The New York City Foundation for Computer Science Education,4,5302266
The Quilt,2,391328
The Research Institute at Nationwide Children's Hospital,4,916490
The Salk Institute for Biological Studies,4,2411035
The Scripps Research Institute,6,5638965
The Texas A&M University System HSC,8,3093300
"The University Corporation, Northridge",55,28867155
The University of Central Florida Board of Trustees,133,70426712
The University of Louisiana at Monroe,2,117926
The University of Montana-Western,1,97614
"The University of Tennessee, Memphis - The Health Science Center",2,717253
The University of Texas Health Science Center at Houston,10,3077156
The University of Texas Health Science Center at Tyler,1,200000
The University of Texas Rio Grande Valley,54,38470001
"Thoma, Eric Michael",2,380000
Thomas Jefferson University,5,1360288
Thurgood Marshall College Fund,2,1083412
Tides Center,1,300000
Tidewater Community College,1,399999
"Tingle, Jessica",1,150000
"Tiptek, LLC",1,274995
Tohono O'odham Community College,1,2609528
Tougaloo College,3,808622
Towson University,13,6917207
Toyota Technological Institute at Chicago,7,3725005
"Transaera, Inc.",1,1407624
Tribal Nations Research Group,2,1284455
Trident Technical College,2,1249511
Trinity College,3,1056868
Trinity University,12,3026996
Troy University,1,23667
Truckee Meadows Community College,2,2136068
Trustees of Boston University,198,193620658
"Tsutsui, Martha Satoko",1,170000
Tufts University,95,44952362
Tulane University,53,38386347
"Tuninetti, Amaro",1,240000
Turtle Mountain Community College,4,4204253
Tuskegee University,32,28156177
Twin Cities Public Television,1,1448995
U.S. Army Corps of Engineers,1,302635
"UBIQUITX, INC.",1,275000
UI LABS,1,48210
ULTROPIA CORP,1,274831
UNIGRID INC.,1,978993
UNITED STATES COAST GUARD ACADEMY SPONSORED PROGRAMS AND RESEARC,1,399131
UNIVERSITY OF ARKANSAS SYSTEM,1,279924
UNLAB LLC,1,275000
URL TO IRL INC.,2,549980
"US Ignite, Inc.",2,4170524
USENIX Association,3,150000
Ulster County Community College,1,349838
"Unger, Ryan C",1,190000
Union College,14,2423649
Union County College,1,318925
United States Air Force Academy,1,27646
United States Naval Academy,3,301313
United Tribes Technical College,10,13339970
Universities Research Association Inc,2,988878
Universities Space Research Association,2,1017365
University Corporation For Atmospheric Res,58,1018164622
University Corporation at Monterey Bay,10,8229182
University Enterprises Corporation at CSUSB,18,11074158
"University Enterprises, Incorporated",25,13346031
University Industry Demonstration Partnership,2,18572540
University of  Puget Sound,7,2144400
University of Akron,27,17637879
University of Alabama Tuscaloosa,150,93001827
University of Alabama at Birmingham,46,33186170
University of Alabama in Huntsville,39,46940770
University of Alaska Anchorage Campus,30,11922865
University of Alaska Fairbanks Campus,124,174750122
University of Alaska Southeast Juneau Campus,6,2041998
University of Arizona,276,204302307
University of Arkansas,93,87696506
University of Arkansas Agricultural Experiment Station,1,943941
University of Arkansas Little Rock,2,1070581
University of Arkansas Medical Sciences Campus,4,3255000
University of Arkansas at Pine Bluff,8,15064302
University of Baltimore,1,119999
University of California - Merced,101,67810579
"University of California, Office of the President, Oakland",3,686981
University of California-Berkeley,359,427332019
University of California-Davis,303,208612558
University of California-Irvine,299,237489688
University of California-Los Angeles,358,225607248
University of California-Riverside,242,153958046
University of California-San Diego,343,434270704
University of California-San Diego Scripps Inst of Oceanography,99,130968220
University of California-San Francisco,34,89141292
University of California-Santa Barbara,259,319524505
University of California-Santa Cruz,165,96391826
University of Central Arkansas,3,1311859
University of Central Oklahoma,2,437361
University of Charleston,2,864598
University of Chicago,279,333490912
University of Cincinnati Main Campus,108,66775940
University of Colorado Boulder,503,546495665
University of Colorado at Colorado Springs,18,8781303
University of Colorado at Denver,27,21365699
University of Colorado at Denver-Downtown Campus,24,11956598
University of Connecticut,202,103574265
University of Connecticut Health Center,3,79768950
University of Dallas,1,200000
University of Dayton,27,8198485
University of Delaware,194,143561312
University of Denver,25,17511698
University of Detroit Mercy,4,1998962
University of Florida,349,221180932
University of Georgia,6,6025507
University of Georgia Research Foundation Inc,228,133542147
University of Hawaii,188,144467166
University of Houston,151,80594600
University of Houston - Clear Lake,5,3943811
University of Houston - Downtown,4,709186
University of Illinois at Chicago,163,119807224
University of Illinois at Urbana-Champaign,463,569651075
University of Iowa,104,57141143
University of Kansas Center for Research Inc,143,108301834
University of Kentucky Research Foundation,138,101507445
University of La Verne,2,776110
University of Louisiana at Lafayette,29,24028999
University of Louisville Research Foundation Inc,51,23922234
University of Maine,81,56032060
University of Maine Farmington,2,800000
University of Maine at Presque Isle,1,102498
University of Mary Washington,2,1597270
University of Maryland Baltimore County,76,61496919
University of Maryland Center for Environmental Sciences,15,20393452
University of Maryland Eastern Shore,12,4603902
University of Maryland at Baltimore,4,1268628
"University of Maryland, College Park",349,272801781
University of Massachusetts Amherst,244,162354352
University of Massachusetts Boston,34,24226771
University of Massachusetts Lowell,64,31745894
University of Massachusetts Medical School,3,1984311
"University of Massachusetts, Dartmouth",38,17063702
University of Memphis,45,21867071
University of Miami,105,59945313
University of Minnesota Duluth,23,8033683
University of Minnesota-Twin Cities,425,306763293
University of Mississippi,48,17828903
University of Mississippi Medical Center,2,307432
University of Missouri-Columbia,132,87974289
University of Missouri-Kansas City,21,9428560
University of Missouri-Saint Louis,10,4592290
University of Montana,53,49730837
University of Nebraska Medical Center,1,900000
University of Nebraska at Omaha,26,13914722
University of Nebraska-Lincoln,209,127282281
University of Nevada Las Vegas,58,29547799
University of New England,2,1074922
University of New Hampshire,81,54663598
University of New Haven,9,10819436
University of New Mexico,151,117917901
University of New Mexico Health Sciences Center,3,1352900
University of New Orleans,15,7467709
University of North Alabama,2,384235
University of North Carolina General Administration Office,1,37468
University of North Carolina Greensboro,33,15201172
University of North Carolina at Asheville,3,692944
University of North Carolina at Chapel Hill,194,158643968
University of North Carolina at Charlotte,107,45272487
University of North Carolina at Pembroke,2,165355
University of North Carolina at Wilmington,35,13134243
University of North Dakota Main Campus,24,14604270
University of North Florida,7,1059602
University of North Georgia,2,624229
University of North Texas,83,37787637
University of North Texas Health Science Center at Fort Worth,4,541265
University of Northern Colorado,7,2712932
University of Northern Iowa,14,8825558
University of Notre Dame,189,186236460
University of Oklahoma Health Sciences Center,3,530436
University of Oklahoma Norman Campus,134,112015982
University of Oregon Eugene,156,129889202
University of Pennsylvania,213,276400447
University of Pittsburgh,185,115214198
University of Portland,5,1573426
University of Rhode Island,116,164231232
University of Richmond,10,3539635
University of Rochester,126,127199205
University of Saint Mary,1,1999985
University of Saint Thomas,3,1681950
University of San Diego,20,7988225
University of San Francisco,4,700579
University of Scranton,7,3381734
University of South Alabama,39,29503514
University of South Carolina at Columbia,163,72594943
University of South Dakota Main Campus,17,8007754
University of South Florida,143,99327360
University of Southern California,268,193311061
University of Southern Indiana,2,324695
University of Southern Maine,7,1894670
University of Southern Mississippi,28,16866439
University of St. Thomas,11,4767932
University of Tampa,3,455516
University of Tennessee Chattanooga,27,17135340
University of Tennessee Institute of Agriculture,9,6448395
University of Tennessee Knoxville,182,123755403
University of Tennessee Martin,2,272014
University of Tennessee Space Institute,1,499999
University of Texas Health Science Center San Antonio,1,603738
University of Texas Medical Branch at Galveston,3,779281
University of Texas Southwestern Medical Center,16,13762551
University of Texas at Arlington,111,55083614
University of Texas at Austin,472,612407957
University of Texas at Dallas,137,74004848
University of Texas at El Paso,98,106578789
University of Texas at San Antonio,77,50374750
University of Texas at Tyler,4,1680357
University of Texas of the Permian Basin,3,1303127
"University of Texas, M.D. Anderson Cancer Center",8,3870887
University of The Incarnate Word,1,135983
University of Toledo,28,11583862
University of Tulsa,15,12111109
University of Utah,274,221511049
University of Vermont & State Agricultural College,62,47402301
University of Virginia Main Campus,229,136360878
University of Washington,512,487304041
University of West Alabama,4,5107932
University of West Florida,3,1108222
University of West Georgia,3,2784325
University of Wisconsin-Eau Claire,7,2301583
University of Wisconsin-Green Bay,2,308440
University of Wisconsin-La Crosse,6,1719830
University of Wisconsin-Madison,469,421097848
University of Wisconsin-Milwaukee,35,25281107
University of Wisconsin-Oshkosh,5,6892867
University of Wisconsin-Parkside,2,439988
University of Wisconsin-Platteville,3,2340124
University of Wisconsin-River Falls,9,3094692
University of Wisconsin-Stevens Point,3,2259738
University of Wisconsin-Stout,2,421238
University of Wisconsin-Superior,2,186176
University of Wyoming,83,100995738
University of the District of Columbia,19,20609848
University of the Pacific,9,2953805
University of the South,2,1239734
"Unzueta, Pablo Andres",1,300000
Urban Institute,2,1300000
Urbanova,1,996486
Ursinus College,7,2741094
Utah State University,77,106064264
Utah Valley University,7,7370171
Utica College,2,2377566
VARIABLES MACHINES COMPANY,1,274579
"VCREATE, INC.",2,2016000
VITRO3D INC.,1,275000
VIVIFI MEDICAL LLC,1,1734999
"VOLEXION, INC.",2,2987902
VOLTELA INC,1,1198695
"VSORTS, INC",1,1023333
VYTAL PLANT SCIENCE RESEARCH,1,1000000
Valdosta State University,2,876906
Valencia Community College,3,1629377
Valparaiso University,10,3166080
Van Andel Research Institute,3,1410000
"Van Etten, Julia",1,240000
"VandeBogert, Keller",1,150000
Vanderbilt University,141,106605729
Vanderbilt University Medical Center,7,2021255
Vassar College,12,4746528
"Vasudevan, Sahana",1,150000
Vaughn College of Aeronautics and Technology,1,284549
"Vemulapalli, Sameera",1,190000
ViQi LLC,1,1696774
Villanova University,49,19827274
Virginia Commonwealth University,58,33375329
Virginia Polytechnic Institute and State University,392,267444952
Virginia State University,7,10509333
Virginia Union University,5,1340938
Virginia Wesleyan University,2,3158215
Virginia Western Community College,1,343209
Voorhees College,1,199966
W E Upjohn Institute for Employment Research,1,86863
W1FB US MILITARY ACADEMY,1,150973
WAIHOME LLC,1,1196056
WATERUS LLC,1,275000
"WAVE LOGIX, INC.",2,1999820
"WAVERLEY CREATIONS, INC.",1,275000
WESTERN WYOMING COMMUNITY COLLEGE DISTRICT,1,337344
WESTMINSTER UNIVERSITY,1,359339
"WETX, INC.",2,1999892
WGBH Educational Foundation,8,13299882
WHITE DWARF RESEARCH CORP,1,189753
WILD MICROBES CO,1,295000
WILO NETWORKS INC.,2,2000000
"WINDWARD ENGINEERING, L.C.",2,544038
WINTER INNOVATIONS INC.,1,1199995
WNET,2,6186934
WORD OF MOUTH TECHNOLOGIES INC.,1,294660
"WUI-GO, LLC",1,274963
Wabash College,1,424670
"Wagner, Nathan A",1,150000
Wake Forest University,20,6590498
Wake Forest University School of Medicine,6,2320954
Wake Technical Community College,6,4408786
"Wang, Danielle Yutian",2,380000
"Wang, Joshua Xu",2,380000
Warren Wilson College,1,127688
Washburn University of Topeka,1,400000
Washington College,1,74975
Washington State University,129,79967173
Washington University,198,123195551
Washington and Lee University,2,235906
"Waterman, Tyler Steven",1,202000
Waubonsee Community College,2,700000
Wayland Baptist College,1,1130080
Wayne State University,76,37848827
Weber State University,6,3437316
Webster University,1,1191833
"Weiler, Morgan",1,150000
"Weinreich, Max H",2,300000
"Weisman, Theodore",2,300000
Wellesley College,8,2038223
Wepan Inc,2,3123648
Wesleyan University,16,10168706
West Chester University of Pennsylvania,11,6863076
West Hills Community College,2,1490747
West Texas A&M University,9,3374402
West Virginia University Research Corporation,106,63085112
WestEd,9,8155833
Westat Inc,1,979923
Western Carolina University,3,1971800
Western Colorado University,1,244580
Western Illinois University,1,750000
Western Kentucky University,6,1678293
Western Michigan University,35,11605451
Western New England University,3,1148114
Western Oregon University,1,418337
Western University of Health Sciences,3,660538
Western Washington University,62,29243125
Westfield State College,5,3764077
Westmont College,2,881543
"Westwood, Mary Lynn",1,207000
Whatcom Community College,2,1182064
Wheaton College,1,622070
Whitehead Institute for Biomedical Research,1,1496376
Whitman College,5,1648465
Whitworth University,3,505827
WiSys Technology Foundation Inc,1,999911
Wichita State University,18,10475415
Widener University,2,343479
"Wijewardena, Niyomi",2,276000
"Wilber, Heather Denise",1,150000
Wilkes University,2,711976
Willamette University,6,4325422
William Marsh Rice University,190,126658111
William Paterson University,5,2034375
William Rainey Harper College,1,400000
Williams College,29,7845539
"Williamson, Jessie L",1,207000
"Willoughby, Andrew C",1,249000
"Wilson, Jacob Dean",2,360000
"Wilson, Stephanie J",1,0
Winona State University,8,2644147
Winston-Salem State University,16,5975177
Winthrop University,7,2195149
Wisconsin Lutheran College,1,235970
Wistar Institute,3,1849909
Wittenberg University,3,1548876
"Wolfram, Catherine Cawley",1,190000
Woods Hole Oceanographic Institution,192,552693837
"Woodwell Climate Research Center, Inc.",12,15946673
"Woolley, Charles Henrik",1,180000
Wor-Wic Community College,1,350000
Worcester Polytechnic Institute,86,44441230
Worcester State University,4,739510
"Wrensford, Kwasi C",2,480000
Wright State University,4,1336815
"Wright, Esteban",2,600000
"Wu, Jane H",1,190000
"Wylie, Jordan",1,160000
X-COR THERAPEUTICS INC,1,274274
"XL BATTERIES, INC",1,997018
XMIZE LLC,1,275000
XONA SPACE SYSTEMS INC.,2,1999990
Xavier University,1,111895
Xavier University of Louisiana,14,5462262
"Xiong, Tianzhu",1,240000
"YANK TECHNOLOGIES, INC.",2,2000000
"YEBOAH, AMY",1,303226
"YERBA BUENA VR, INC.",1,998251
"YEUNG, Matthew",2,600000
Yakima Valley Community College,2,1492580
Yale University,192,126400086
"Yang, David H",1,190000
"Yap-Chiongco, Meghan K",1,240000
Yeshiva University,5,1496810
"Young People's Project, Inc.",2,4055332
"Young, Giorgio",1,190000
Youngstown State University,11,4227301
Yukon River Inter-Tribal Watershed Council,1,634345
"Z-POLYMERS, LLC",1,275000
ZEALOUS RESEARCH LLC,2,550000
ZEBRAMD INC.,1,275000
ZENOLEAP LLC,2,550000
ZIKER ENTERPRISES LLC,2,100000
Zane State College,1,349999
"ZeoVation, Inc.",1,1199999
"Zhang, Marianna",2,320000
"Zhang, Robin",1,190000
"Zubrilina, Nina",1,190000
"deGraffenried, Rebecca",2,348000
eSens LLC,2,1998032
"martinez, vladimir A",1,300000
